"city","city_id"
"'s Hertogenbosch",1
"(not set)",2
"Aalborg",3
"Aalen",4
"Aberdeen",5
"Abu Dhabi",6
"Adana",7
"Adelaide",8
"Ahmedabad",9
"Akron",10
"Alba",11
"Alba Iulia",12
"Alexandria",13
"Alicante",14
"Allendale Charter Township",15
"Almaty",16
"Almeria",17
"Altrincham",18
"Amã",19
"Amberg",20
"Amersfoort",21
"Amherst",22
"Amsterdam",23
"Anaheim",24
"Ankara",25
"Ann Arbor",26
"Annecy-le-Vieux",27
"Antalya",28
"Antwerp",29
"Appleton",30
"Arequipa",31
"Arnhem",32
"Ashburn",33
"Asuncion",34
"Athens",35
"Atibaia",36
"Atlanta",37
"Atwater",38
"Auckland",39
"Austin",40
"Avon",41
"Aydin",42
"Baku",43
"Ballinger",44
"Baltimore",45
"Bandung",46
"Bangkok",47
"Barcelona",48
"Barnsley",49
"Barranquilla",50
"Barrie",51
"Bath",52
"Beijing",53
"Beirut",54
"Bekasi",55
"Belagavi",56
"Belgrade",57
"Bellevue",58
"Bellflower",59
"Bellingham",60
"Belo Horizonte",61
"Bengaluru",62
"Berkeley",63
"Berlin",64
"Bhubaneswar",65
"Bien Hoa",66
"Bilbao",67
"Birkenes",68
"Birmingham",69
"Boardman",70
"Bogota",71
"Boise",72
"Bologna",73
"Bordeaux",74
"Boston",75
"Bothell",76
"Boulder",77
"Bournemouth",78
"Bozeman",79
"Brampton",80
"Brasilia",81
"Bratislava",82
"Breda",83
"Bremen",84
"Brest",85
"Brisbane",86
"Bristol",87
"Brno",88
"Brookline",89
"Bruges",90
"Brussels",91
"Bucharest",92
"Budapest",93
"Buenos Aires",94
"Buon Ma Thuot",95
"Burlington",96
"Burnaby",97
"Bursa",98
"Byron",99
"Cabimas",100
"Cagliari",101
"Cairo",102
"Calgary",103
"Cali",104
"Cambridge",105
"Camden",106
"Campbell",107
"Campinas",108
"Can Tho",109
"Cancun",110
"Canterbury",111
"Cao Lanh",112
"Cape Town",113
"Caracas",114
"Cardiff",115
"Carrollton",116
"Casablanca",117
"Cebu City",118
"Chambery",119
"Chamblee",120
"Chandigarh",121
"Charlotte",122
"Charlottesville",123
"Charlottetown",124
"Chennai",125
"Chevilly Larue",126
"Chicago",127
"Chico",128
"Chino",129
"Chisinau",130
"Chiyoda",131
"Chuo",132
"Cincinnati",133
"Ciudad Real",134
"Clermont-Ferrand",135
"Cluj-Napoca",136
"Coffeyville",137
"Coimbatore",138
"College Park",139
"Collegeville",140
"Cologne",141
"Colombo",142
"Columbia",143
"Columbus",144
"Copenhagen",145
"Cordoba",146
"Cork",147
"Council Bluffs",148
"Courbevoie",149
"Coventry",150
"Cuiaba",151
"Culiacan",152
"Culpeper",153
"Cupertino",154
"Curitiba",155
"Cyberjaya",156
"Da Nang",157
"Dacun Township",158
"Daegu",159
"Dahlonega",160
"Dalat",161
"Dallas",162
"Daly City",163
"Danville",164
"Davao City",165
"Decin",166
"Deep River",167
"Denver",168
"Depok",169
"Detroit",170
"Deva",171
"Dhaka",172
"Dnipro",173
"Doha",174
"Douglasville",175
"Druid Hills",176
"Dubai",177
"Dublin",178
"Dundalk",179
"Dusseldorf",180
"East Lansing",181
"Eau Claire",182
"Edison",183
"Edmonton",184
"Egham",185
"Eindhoven",186
"El Paso",187
"Elche",188
"Erode",189
"Erzurum",190
"Esbjerg",191
"Eskisehir",192
"Evans",193
"Evanston",194
"Faisalabad",195
"Fareham",196
"Farmington Hills",197
"Faro",198
"Florianopolis",199
"Forest Park",200
"Fort Collins",201
"Fort Worth",202
"Fortaleza",203
"Frankfurt",204
"Frederiksberg",205
"Fremont",206
"Fresno",207
"Fukui",208
"Furth",209
"Gatineau",210
"Gaziantep",211
"Geneva",212
"Ghent",213
"Gijon",214
"Glasgow",215
"Goiania",216
"Goose Creek",217
"Gothenburg",218
"Granada",219
"Greer",220
"Greve Strand",221
"Greystones",222
"Groningen",223
"Guadalajara",224
"Guangzhou",225
"Guatemala City",226
"Gurgaon",227
"Guwahati",228
"Ha Tinh",229
"Hai Duong",230
"Hai Phong",231
"Hallein",232
"Hamburg",233
"Hamden",234
"Hangzhou",235
"Hanoi",236
"Hayward",237
"Helsinki",238
"Hermosillo",239
"Herzliya",240
"Ho Chi Minh City",241
"Hoi An",242
"Hong Kong",243
"Honolulu",244
"Houston",245
"Hradec Kralove",246
"Hua Hin",247
"Hue",248
"Hukou Township",249
"Hyderabad",250
"Iasi",251
"Indianapolis",252
"Indore",253
"Ipoh",254
"Irvine",255
"Islamabad",256
"Issy-les-Moulineaux",257
"Istanbul",258
"Izmir",259
"Jacksonville",260
"Jaipur",261
"Jakarta",262
"Jeddah",263
"Jersey City",264
"Johnson City",265
"Johor Bahru",266
"Kalamazoo",267
"Kampar",268
"Kansas City",269
"Karachi",270
"Katowice",271
"Kayseri",272
"Kharagpur",273
"Kharkiv",274
"Kiev",275
"Kirkland",276
"Kiryat Ono",277
"Kitchener",278
"Kochi",279
"Kolkata",280
"Konya",281
"Kortrijk",282
"Kosice",283
"Koszalin",284
"Kovrov",285
"Krakow",286
"Kuala Lumpur",287
"Kumamoto",288
"Kuwait City",289
"Kyiv",290
"La Chorrera",291
"La Victoria",292
"LaFayette",293
"Lagos",294
"Laguna Beach",295
"Lahore",296
"Lake Oswego",297
"Las Vegas",298
"Lausanne",299
"Lawrence Township",300
"Leeds",301
"Lehi",302
"Leiria",303
"Lenoir",304
"Leon",305
"Leusden",306
"Leuven",307
"Lewisville",308
"Lexington",309
"Lille",310
"Lincoln",311
"Lisbon",312
"Liverpool",313
"Ljubljana",314
"London",315
"Longtan District",316
"Los Angeles",317
"Los Gatos",318
"Louisville",319
"Lucknow",320
"Ludhiana",321
"Luxembourg City",322
"Lviv",323
"Lyon",324
"Madison",325
"Madrid",326
"Makassar",327
"Makati",328
"Malaga",329
"Manaus",330
"Manchester",331
"Manila",332
"Mankato",333
"Mar del Plata",334
"Maracaibo",335
"Marlboro",336
"Marseille",337
"McAllen",338
"Mechelen",339
"Medan",340
"Medellin",341
"Medina",342
"Melbourne",343
"Memphis",344
"Menlo Park",345
"Mersin",346
"Metz",347
"Mexico City",348
"Miami",349
"Miami Beach",350
"Milan",351
"Milpitas",352
"Milwaukee",353
"Minato",354
"Minneapolis",355
"Minsk",356
"Minxiong Township",357
"Mississauga",358
"Miyazaki",359
"Molesey",360
"Monterrey",361
"Montevideo",362
"Montigny-le-Bretonneux",363
"Montreal",364
"Montreuil",365
"Moscow",366
"Mountain View",367
"Mueang Chiang Mai District",368
"Mueang Khon Kaen District",369
"Mueang Nakhon Ratchasima District",370
"Mueang Phitsanulok District",371
"Mueang Songkhla District",372
"Mumbai",373
"Munich",374
"Muntinlupa",375
"My Tho",376
"Nagano",377
"Nagoya",378
"Naha",379
"Nairobi",380
"Nakhon Pathom",381
"Nam Djinh",382
"Nanded",383
"Nantes",384
"Naples",385
"Nashville",386
"Navi Mumbai",387
"Nea Erythraia",388
"Neipu Township",389
"Netanya",390
"New Delhi",391
"New Orleans",392
"New Westminster",393
"New York",394
"Newark",395
"Newtonville",396
"Nha Trang",397
"Nice",398
"Ningbo",399
"Noida",400
"Norfolk",401
"Normandy",402
"North Attleborough",403
"North Richland Hills",404
"not available in demo dataset",405
"Nottingham",406
"Nuremberg",407
"Oakland",408
"Odense",409
"Odessa",410
"Oegstgeest",411
"Okemos",412
"Olomouc",413
"Omaha",414
"Oneonta",415
"Oradea",416
"Orem",417
"Orlando",418
"Osaka",419
"Oshkosh",420
"Osijek",421
"Oslo",422
"Ostrava",423
"Ottawa",424
"Oude Meer",425
"Overland Park",426
"Oviedo",427
"Oxford",428
"Padua",429
"Palo Alto",430
"Panama City",431
"Paradise",432
"Paris",433
"Parma",434
"Parsippany-Troy Hills",435
"Pasig",436
"Patna",437
"Perth",438
"Pescara",439
"Pessac",440
"Petaling Jaya",441
"Petergof",442
"Phan Thiet",443
"Philadelphia",444
"Phnom Penh",445
"Phoenix",446
"Pinamar",447
"Piscataway Township",448
"Pittsburgh",449
"Piura",450
"Plano",451
"Pleasanton",452
"Pleiku",453
"Pontivy",454
"Portland",455
"Porto Alegre",456
"Poznan",457
"Pozuelo de Alarcon",458
"Prague",459
"Prato",460
"Pryor",461
"Pueblo",462
"Pune",463
"Quang Ngai",464
"Quebec City",465
"Quezon City",466
"Qui Nhon",467
"Quimper",468
"Quito",469
"Rach Gia",470
"Raleigh",471
"Ramat Gan",472
"Randburg",473
"Recife",474
"Redmond",475
"Redondo Beach",476
"Redwood City",477
"Reims",478
"Rexburg",479
"Ribeirao Preto",480
"Richardson",481
"Ridgewood",482
"Riga",483
"Rio de Janeiro",484
"Rishon LeTsiyon",485
"Riverside",486
"Riyadh",487
"Rockwood",488
"Rome",489
"Rosario",490
"Roskilde",491
"Rotterdam",492
"Rzeszow",493
"Sabadell",494
"Sacramento",495
"Saint-Ouen-l'Aumone",496
"Saint Paul",497
"Saint Petersburg",498
"Saint Polten",499
"Sakai",500
"Salem",501
"Salford",502
"Salt Lake City",503
"Salvador",504
"Salzburg",505
"Samsun",506
"San Antonio",507
"San Bruno",508
"San Carlos",509
"San Diego",510
"San Francisco",511
"San Jose",512
"San Marcos",513
"San Mateo",514
"San Salvador",515
"Sandton",516
"Sandy",517
"Sandy Springs",518
"Sant Cugat del Valles",519
"Santa Ana",520
"Santa Clara",521
"Santa Fe",522
"Santa Monica",523
"Santiago",524
"Santiago de Queretaro",525
"Santiago de Surco",526
"Sao Paulo",527
"Sapporo",528
"Saratoga",529
"Schagen",530
"Seattle",531
"Seclin",532
"Semarang",533
"Seongnam-si",534
"Seoul",535
"Seville",536
"Shah Alam",537
"Shanghai",538
"Sharjah",539
"Sheffield",540
"Sherbrooke",541
"Shibuya",542
"Shinjuku",543
"Shiocton",544
"Sibiu",545
"Singapore",546
"Skopje",547
"Smyrna",548
"Sofia",549
"South El Monte",550
"South San Francisco",551
"Spaichingen",552
"Springfield",553
"St. John's",554
"St. Louis",555
"Stanford",556
"Stockholm",557
"Stuttgart",558
"Subang Jaya",559
"Sunnyvale",560
"Surabaya",561
"Surat",562
"Sydney",563
"Syracuse",564
"Szczecin",565
"Taguig",566
"Talence",567
"Tallahassee",568
"Tallinn",569
"Tampa",570
"Tampere",571
"Taoyuan District",572
"Targu Mures",573
"Tbilisi",574
"Tel Aviv-Yafo",575
"Telford",576
"Tempe",577
"Thai Binh",578
"Thai Nguyen",579
"Thane",580
"Thanh Hoa",581
"The Dalles",582
"The Hague",583
"Thessaloniki",584
"Thornton",585
"Tigard",586
"Tijuana",587
"Timisoara",588
"Tirana",589
"Toledo",590
"Toronto",591
"Toufen City",592
"Towson",593
"Trabzon",594
"Tucson",595
"Tunis",596
"Turin",597
"Ulaanbaatar",598
"Union City",599
"University Park",600
"Utrecht",601
"Vadodara",602
"Valencia",603
"Valparaiso",604
"Vancouver",605
"Vannes",606
"Vejle",607
"Viby",608
"Vienna",609
"Vila Velha",610
"Villafranca del Castillo",611
"Villanova",612
"Villeneuve-d'Ascq",613
"Vilnius",614
"Vincennes",615
"Vinh",616
"Vladimir",617
"Vladivostok",618
"Vung Tau",619
"Walnut Creek",620
"Warsaw",621
"Washington",622
"Waterloo",623
"Watford",624
"Weingarten",625
"Wellesley",626
"Wellington",627
"Westlake Village",628
"Westville",629
"Wheaton",630
"Wheeling",631
"White Plains",632
"Whitewater",633
"Winnipeg",634
"Wollongong",635
"Woodbridge Township",636
"Wrexham",637
"Wroclaw",638
"Yokohama",639
"Zagreb",640
"Zamudio",641
"Zaoqiao Township",642
"Zapopan",643
"Zaragoza",644
"Zaventem",645
"Zhongli District",646
"Zhudong Township",647
"Zurich",648
"Zwolle",649
