"keyword","keyword_id"
"""google store"" refund cancel order -app",1
"""me to we"" tee",2
"""waterproof backpack""",3
"""waze mobile phone vent mount""",4
"""youtube""",5
"&#1496;&#1501;&#1493; &#1488;&#1493;&#1504;&#1511;",6
"(/google+redesign/shop+by+brand/youtube",7
"(automatic matching)",8
"(content targeting)",9
"(not provided)",10
"(Remarketing/Content targeting)",11
"(User vertical targeting)",12
"..youtube",13
".com t",14
"/Google+Redesign/Apparel/Men++s/Men++s+T+Shirts",15
"/youtube",16
"¨ç",17
"+Android +Gear",18
"+Android +Merchandise",19
"+buy +from +google +store",20
"+Chrome +Merchandise",21
"+goggle +store",22
"+google",23
"+Google +accessories",24
"+google +accessories +store",25
"+google +backpack",26
"+google +backpacks",27
"+google +bags",28
"+google +coffee +mug",29
"+google +coffee +mugs",30
"+google +dog +toys",31
"+Google +Gear",32
"+google +gear +store",33
"+google +gear +watch",34
"+Google +glassware",35
"+google +men +jackets",36
"+google +merch",37
"+Google +Merchandise",38
"+google +merchandise +store",39
"+google +mug",40
"+google +mugs",41
"+google +online +shop",42
"+Google +outerwear",43
"+Google +paraphernalia",44
"+Google +pet",45
"+google +pets",46
"+Google +Plus +glasses",47
"+google +product +store",48
"+Google +Products",49
"+google +products +store",50
"+google +shop",51
"+google +shops",52
"+google +stor",53
"+google +store",54
"+google +store +merchandise",55
"+google +store +products",56
"+google +store +usa",57
"+google +store +youtube",58
"+google +stores",59
"+Google +Swag",60
"+google +tote",61
"+google +tshirt +store",62
"+google +water +bottle",63
"+google.com +shop",64
"+google+tshirts",65
"+mens +sunglasses",66
"+official +google +store",67
"+shop +at +google",68
"+sunglasses +for +men",69
"+sunglasses +online",70
"+the +google +store",71
"+woman shades",72
"+women +sunglasses",73
"+YouTube +accessories",74
"+YouTube +apparel",75
"+YouTube +Gear",76
"+YouTube +kit",77
"+youtube +merch",78
"+YouTube +Merchandise",79
"+YouTube +Products",80
"<U+03A5><U+03BF><U+03C5>t<U+03C5>ße s<U+03B9><U+03BF> <U+03BD>t<U+03B9>ap<U+03BB><U+03BF>",81
"<U+03B3><U+03BF><U+03BF><U+03B3><U+03BB>ee",82
"<U+0430><U+043D><U+0434><U+0440><U+043E><U+0438><U+0434> <U+0441><U+0442><U+043E><U+0440><U+0435>",83
"<U+0433><U+0435><U+0440><U+043C><U+0430><U+043D><U+0438><U+044F> <U+043A><U+0430><U+0440><U+0442><U+0430> <U+0433><U+0443><U+0433><U+043B>",84
"<U+0433><U+0443><U+0433><U+043B> <U+0441><U+0442><U+043E><U+0440>",85
"<U+0433><U+0443><U+043B> <U+043E><U+043D><U+043B><U+0430><U+0439><U+043D> <U+043C><U+0430><U+0433><U+0430><U+0437><U+0438><U+043D> <U+0441><U+0442><U+043E><U+0440><U+0435>",86
"<U+043A><U+0430><U+0440><U+0442><U+0430> <U+043E><U+043D><U+043B><U+0430><U+0439><U+043D> <U+0433><U+0443><U+0433><U+043B>",87
"<U+043A><U+0430><U+0440><U+0442><U+0438><U+043D><U+043A><U+0430> <U+044E><U+0442><U+0443><U+0431>",88
"<U+043B><U+044E><U+0434><U+0438> <U+0432> <U+0447><U+0435><U+0440><U+043D><U+043E><U+043C> 4",89
"<U+043C><U+0430><U+0433><U+0430><U+0437><U+0438><U+043D><U+044B> gift <U+043E><U+0442> google",90
"<U+043D><U+0449><U+0433><U+0435><U+0433><U+0438><U+0443>",91
"<U+043F><U+043E><U+0433><U+043E><U+0434><U+0430> <U+043A><U+0440><U+0438><U+0432><U+043E><U+0439> <U+0440><U+043E><U+0433>",92
"<U+0441><U+0442><U+043E><U+0440> <U+0433><U+0443><U+0433><U+043B>",93
"<U+044D><U+043B><U+0435><U+043A><U+0442><U+0440><U+043E><U+043D><U+0438><U+043A> google",94
"<U+044E> <U+0442><U+0443><U+043F>",95
"<U+044E><U+0442><U+0443><U+0431>",96
"<U+044E><U+0442><U+044E><U+0431>",97
"<U+05D0><U+05EA><U+05E8><U+05D9> <U+05E1><U+05E7><U+05E1>",98
"<U+062A><U+064A><U+0648><U+0628> <U+064A><U+0648><U+062A><U+064A><U+0648><U+0628>",99
"<U+062C><U+0648><U+062C><U+0644> <U+0634><U+064A><U+0631><U+062A>",100
"<U+062D><U+0642><U+064A><U+0628><U+0629> <U+063A><U+0648><U+063A><U+0644>",101
"<U+0633><U+06CC><U+06A9><U+0633><U+06CC> <U+200F>YOUTUB<U+200F> <U+200F>STORE",102
"<U+064A><U+0648><U+062A><U+062A><U+0648><U+0628>",103
"<U+064A><U+0648><U+062A><U+064A><U+0648><U+0628>",104
"<U+0917><U+091C><U+0932><U+0947><U+0901>",105
"<U+0917><U+0942><U+0917><U+0932> <U+092E><U+0947><U+0902><U+0938>",106
"<U+0917><U+0942><U+0917><U+0932> <U+0936><U+0930><U+094D><U+091F> <U+092A><U+094D><U+0930><U+093E><U+0907><U+0938>",107
"<U+0917><U+0942><U+0917><U+0932> <U+0938><U+094D><U+091F><U+094B><U+0930>",108
"<U+092F><U+0941><U+091F><U+092F><U+0941><U+092C>",109
"<U+092F><U+0942><U+091F><U+0942><U+092C>",110
"<U+0936><U+0930><U+094D><U+091F> <U+0915><U+093E> <U+0938><U+093E><U+0908><U+091C> S M XL L YOU TUBE",111
"<U+0939><U+094B><U+092E> <U+0936><U+0949><U+092A> <U+091F><U+0940> <U+0936><U+0930><U+094D><U+091F>",112
"<U+098F><U+0995><U+099F><U+09BE> t shirt <U+0995><U+09C7> <U+0995><U+09BF><U+09AD><U+09BE><U+09AC><U+09C7> <U+09B0><U+09AA><U+09CD><U+09A4><U+09BE><U+09A8><U+09C2><U+09AF><U+09CB><U+0997><U+09CD><U+09AF> <U+0995><U+09B0><U+09BE> <U+09AF><U+09BE><U+09DF>",113
"<U+0995><U+09AE><U+09A6><U+09BE><U+09AE><U+09C0> <U+09AD><U+09BE><U+09B2><U+09CB> t-shart",114
"<U+0995><U+09BE><U+0989><U+09A8><U+09CD><U+099F><U+09BE><U+09B0> <U+099F><U+09BE> <U+09A6><U+09BF><U+09B8> t shirt",115
"<U+0995><U+09BF> <U+09AD><U+09BE><U+09AC><U+09C7> <U+09AA><U+09BE><U+0987><U+0995><U+09BE><U+09B0><U+09A6><U+09C7><U+09B0> <U+0995><U+09BE><U+099B> <U+09A5><U+09C7><U+0995><U+09C7> t shart kinbo",116
"<U+0995><U+09BF><U+09AD><U+09BE><U+09AC><U+09C7> <U+0986><U+09AE><U+09C7><U+09B0><U+09BF><U+0995><U+09BE><U+09DF> T-shirt <U+09B8><U+09C7><U+09B2> <U+0995><U+09B0><U+09BE> <U+09AF><U+09BE><U+09DF>",117
"<U+099C><U+09BE><U+09A4><U+09C0><U+09DF> <U+09AA><U+09A4><U+09BE><U+0995><U+09BE> <U+09A1><U+09BF><U+099C><U+09BE><U+0987><U+09A8><U+09C7><U+09B0> T-Shairt",118
"<U+09A8><U+09BF><U+0989><U+09B2><U+09BE><U+0987><U+09AB> <U+09B8><U+09CD><U+099F><U+09BE><U+0987><U+09B2> t shirt <U+098F><U+09B0> <U+09AE><U+09C2><U+09B2><U+09CD><U+09AF>",119
"<U+09AC><U+09C8><U+09B6><U+09BE><U+0996><U+09C0> <U+09B8><U+09CD><U+099F><U+09BF><U+0995><U+09BE><U+09B0> for t-shirt",120
"<U+30A2><U+30A4><U+30D5><U+30A9><U+30F3><U+306E><U+5199><U+771F><U+3092><U+5370><U+5237><U+3059><U+308B>",121
"<U+30BD><U+30CB><U+30C3><U+30AF>T<U+30B7><U+30E3><U+30C4> <U+30B0><U+30FC><U+30B0><U+30EB>",122
"<U+315B> <U+3150> <U+3155> <U+C154> <U+3160><U+3137> <U+CC44> <U+3161>",123
"<U+7DD1><U+8C37><U+51FA><U+4E45> <U+7206><U+8C6A><U+52DD><U+5DF1>",124
"<U+8C37><U+6B4C><U+5546><U+57CE><U+8F6F><U+4EF6><U+7F51><U+7AD9>",125
"<U+8C37><U+6B4C><U+5728><U+7EBF><U+5546><U+57CE>",126
"<U+8C37><U+6B4C><U+7EAA><U+5FF5><U+54C1><U+5546><U+5E97>",127
"<U+8C37><U+6B4C>store",128
"<U+AD6C><U+AE00>",129
"00 shirts",130
"01722424577 aita ki globbiu t shirt er contact number",131
"1 oz",132
"100 cotton t shirts for women",133
"14 oz",134
"1hZbAqLCbjwfgOH7",135
"1X4Me6ZKNV0zg-jV",136
"2016 doodle fruit games welcome",137
"2017beya fastdear return policy",138
"27 inch lava lamp",139
"2ysIRLovuNNetSjq",140
"3 4 sleeve baseball shirt",141
"3000mah power bank og google",142
"427 sweatshirt Google x",143
"42cm karva lamps",144
"4ucollection06@gmail.com t shirt",145
"6qEhsCssdK0z36ri",146
"7 dog",147
"7dog",148
"8. http://www.googlemerchandisestore.com/Google+Redesign/Wearables/Women+s+Outerwear/",149
"96547565 tracking number pls search where is it",150
"99 t shirts",151
"99 tube",152
"a gift light pen from google",153
"a+more bags",154
"a<U+03C5>t<U+03BF><U+03BA><U+03BF><U+03BB><U+03BB><U+03B7>ta <U+03B3><U+03B9>a <U+03BB>apt<U+03BF>p",155
"about google merchandise store",156
"accessories",157
"acheter goodie google au usa",158
"acrylic bottle",159
"affinity apparel",160
"agooglestore",161
"alien tees bd",162
"alifya souvenir google +",163
"all black lava lamp",164
"amazon",165
"amazon uk lava lamp",166
"amcnary@google.com",167
"andro shoping",168
"android accessories canada",169
"android beanie",170
"android developers tshirt buy online",171
"android goodies shop",172
"android hoddie",173
"android hoodie",174
"Android hoodie",175
"android laptop stickers",176
"android logo hat",177
"android logo tshirt",178
"android merch",179
"android merch uk",180
"android merchandise",181
"Android Merchandise",182
"android merchandise calgary",183
"android merchandise store",184
"android merchandising",185
"android onesie",186
"android pc sticker",187
"android power pack",188
"Android shirt",189
"android shirt shop",190
"android shop",191
"Android shop",192
"android snapback hat",193
"android store",194
"android store -ID -realtime",195
"android store mountain view",196
"android t shirt",197
"android t shirt buy",198
"android t shirts",199
"android t short",200
"android tee shirts barcelona",201
"android tshirt",202
"android tshirts",203
"android umbrella merchandise",204
"android water bottle",205
"android zip up hoodie",206
"androidgooglestor",207
"AOID shart",208
"apparel",209
"Apparel",210
"AppAREL",211
"apparel google z",212
"apparel shirts",213
"apparel store",214
"apparel store.com",215
"appearal",216
"apperal",217
"apple developer merchandise in india",218
"aquarium lava lamp",219
"argos lava lamp",220
"Arts & Entertainment",221
"asquith and fox t shart price in bangladesh",222
"auto",223
"awesome android pirate graphic tees",224
"awesome lavalamps",225
"Axact man cloth",226
"ayoutube",227
"baby on board decal",228
"baby on board window decal",229
"baby on board youtube",230
"baby you la la la love you tube",231
"baby youtube",232
"back pack",233
"back packs",234
"backpack google",235
"backpack online on googleshop",236
"backpack water proof",237
"backpacks",238
"backpacks store",239
"bag",240
"Bag",241
"bag-google.com",242
"bag googal.com",243
"bag Google .com",244
"bag online in google shop",245
"bag photo",246
"bag shop",247
"bag store",248
"bag stpre",249
"bags",250
"Bags",251
"bags com in",252
"bags image",253
"bags made by Google",254
"bags more",255
"bags store",256
"bali aman aan terkendali tshirt",257
"bangladesh youtube merch",258
"Bar nekar shop you tube",259
"basava gurupojai tshirt",260
"baseball jackets india online",261
"battery operated lava lamps",262
"bean bag pool float",263
"bearing merchandise youtube",264
"bebop google headphones",265
"beeg google com",266
"beeg Google. com",267
"been bags for kids cheap",268
"behembet in tshirt store",269
"beli merchandise youtube",270
"best for merchandise",271
"best google product",272
"Bicycle Google shopping",273
"big joe official site",274
"big lava lamp",275
"biggest lava lamp you can buy",276
"bike gear",277
"bkr water bottle sale",278
"black amricàñs wear",279
"black and red lava lamp",280
"black google black women tshirt",281
"black lava lamp",282
"black moisture wicking t shirt",283
"black tube",284
"black youtube logo",285
"black youtube shirt",286
"black youtube t-shirt",287
"black youtube Tshart",288
"black youtube videos",289
"Blue google for Kids",290
"blue green crayon",291
"blue lava lamp",292
"blue t-shirt for men",293
"bluetooth headphones",294
"bluetooth headset for women",295
"bluetooth speakers google",296
"bob marley lava lamps",297
"bolpoint led",298
"boneka yang berfungsi untuk menghalyskan tshirt",299
"boogle online.com.",300
"bottle image",301
"bottle infuse basket",302
"brand google style for men",303
"brand power bank",304
"brand==nest",305
"branded backpack bags",306
"branded drink bottles",307
"branded freebies",308
"branded t-shirts buy for commute video youtube",309
"brighttravels seat pack organizer",310
"bunnefeld der Daten T-Shirt wo bekommt man das",311
"but Google developers tshirt",312
"buy apparel",313
"buy at google",314
"buy from Google",315
"buy goods with google store credit",316
"buy google apparel",317
"buy google bicycle",318
"buy Google bicycle",319
"buy google bike",320
"buy Google bike online",321
"Buy google bikes",322
"buy google branded merchandise",323
"buy google clothing",324
"buy google company",325
"Buy google company",326
"buy google cycle",327
"buy google developer t-shirts",328
"buy google developer t shirt",329
"buy google gadgets",330
"Buy Google gadgets",331
"buy google jackets",332
"buy google logo pen",333
"buy google merchandise",334
"buy google merchandise online",335
"buy google print shirt",336
"buy google printed shirt",337
"buy Google printed T-shirt",338
"buy google product",339
"buy google products",340
"buy google shirt",341
"Buy google shirt",342
"buy google shirts in low price",343
"buy google souvenirs",344
"buy google stuffs",345
"buy google sycle",346
"buy google t-shirt",347
"buy google t shirt",348
"buy google t shirt india",349
"buy google t shirt online",350
"buy google t shirts",351
"buy Google t shirts",352
"buy google t shirts india",353
"buy google tee shirt",354
"buy google tshirt",355
"buy google tshirts",356
"buy Google tshirts",357
"Buy Google Tshirts",358
"buy men t shirt",359
"buy merchandise india",360
"Buy mug and shirt and phone from google",361
"buy online through google",362
"buy online youtube matablack stickers",363
"buy real materiad t shirt",364
"buy shirt with google sign",365
"buy stuff google store",366
"buy t-shirt",367
"buy t shirt written google",368
"buy with google",369
"Buy with google online",370
"buy you tube t shirts",371
"buy youtube free t shirt india",372
"buy youtube logo products",373
"buy YouTube logo T-shirt",374
"buy youtube logo t shirts india",375
"buy youtube logo t shurt",376
"buy youtube merchandise in india",377
"buy youtube notebook",378
"buy youtube shirt",379
"buy YouTube t-shirts",380
"buy youtube t shirt",381
"buy youtube t shirt free",382
"buy youtube t shirt full heand india",383
"buy youtube t shirt india",384
"buy YouTube t sirt",385
"buy youtube tshirt",386
"Buy youtube tshirt",387
"buy youtube tshirt online",388
"Buying merchandise online",389
"buying shirts in shop",390
"buying stuff on google",391
"C&A t shirts mascolina com desenho atras",392
"camicia logo google",393
"campus merchandise indonesia",394
"can you buy merchandise with agoogle gift card",395
"canada tshirt",396
"Cap youtube",397
"cara mendapat merchandise kaos youtube dari google",398
"category_l1==*",399
"category_l1==166",400
"category_l1==222",401
"category_l1==536",402
"category_l1==922",403
"certified <U+0A22><U+0A40><U+0A20> t-shirt",404
"charcoal t shirts clothing sale",405
"charlie brown lava lamp",406
"cheap clothes to buy on google store",407
"Cheap google t shirts",408
"cheap lava lamps",409
"cheap Lava lamps",410
"cheap lava lamps at argos",411
"check us out on google sticker",412
"children google",413
"chrom store",414
"Chrome kit",415
"chrome merchandise",416
"Chrome merchandising",417
"Chrome t-shirt",418
"chrome:homehttps://youtu.be/0jP13wwtGb8",419
"classic bike t shirts",420
"clear water bottles",421
"clothes google",422
"clothing shope register on google",423
"coca cola lava lamp",424
"colour changing lava lamp",425
"com.google",426
"compact bluetooth speaker",427
"contigo",428
"contigo water bottle",429
"cool lava lamps",430
"cool looking lava lamps",431
"cool t shirt stores",432
"corl youtube merchandise",433
"cotton haritage t shart made factury Bangladeshi",434
"cotton t shirts",435
"cotton t shirts women s",436
"crafted google vest",437
"cups mugs",438
"custom contigo water bottle",439
"custom made lava lamps",440
"custom t shirt Google shoping",441
"custom youtube stickers",442
"customized books, shirts, business card, cap,etx",443
"cycle jersey google",444
"cycle online store india",445
"cylindrical lava lamp",446
"cyoutube",447
"dear google what is apperel eletronic",448
"decal shop",449
"descargar musica de si tu marido no te deja sola",450
"desi shorxxt g t shirt",451
"dinam jeans and best t shirts online shop in pakistan",452
"does google have a shop",453
"does google have a store?",454
"double wall water bottle",455
"Download no vocal takan pisah",456
"Dubara jagannatham T shirts",457
"earphone google",458
"ecuagol",459
"electronic google",460
"Electronic google",461
"electronic store",462
"electronic stores",463
"electronics backpack",464
"electronics pouch",465
"electronics products of google",466
"electronics store",467
"Electronics store",468
"electronics stores",469
"enblem fr a metric t-shirt",470
"Engko Shop you tube",471
"england google",472
"essilor kids merchandise",473
"exclusive bagpacks on google",474
"extended tee shirts",475
"eyou tub",476
"f1googletore",477
"Fabric T Shirt Mens",478
"facebook",479
"FamilySearch Logo Merchandise Sale",480
"fashionable shirts you tube",481
"fat lava floor lamp",482
"fawaz written in Branded t-shirts",483
"features of google water bottle",484
"fh",485
"firebase t shirt",486
"flash light",487
"foto google dapat tote bag",488
"free google back pack",489
"free google shop",490
"free google t shirt",491
"free google t shirts india",492
"free google tshirt",493
"free google tshirts",494
"free google water bottle",495
"free online store",496
"free t shirt for you tube",497
"Free t shirt on Google",498
"free tshart google",499
"free youtube t-shirts",500
"free youtube t-shirts get",501
"free youtube tshirt",502
"free youtube view",503
"frodo merch youtube",504
"from where i should buy google logo bags",505
"ftuya t sart shop",506
"full sleve youtube tshirt",507
"full sleves t-shirts google shopping",508
"fun",509
"Fun",510
"fun at google",511
"fun google cell phone attachments",512
"fun laptop bags",513
"fyoutube",514
"Fyoutube",515
"G and D Google bag",516
"g..gle shirt",517
"G5yVM8nVJd1R+qMR1UzrC8SdsrUTq4mq8iLix7w/VtBNWmG1WinGifubv/Ix4AV3b9DyPba2/m8s0Rnbl/x77Q==",518
"gaagle clothing for men",519
"gadget online store",520
"gadget shop",521
"genuine lava lamp",522
"genuine merchandise shirt",523
"Geogle shop",524
"german google",525
"get a free t shirt from google",526
"get free clothes from google",527
"get Google T-shirt",528
"get Google T shirt",529
"get it on google play shirts",530
"get youtube shirt",531
"ggoogle",532
"gholgla t shrt man",533
"giant lava lamp",534
"giant lava lamp uk",535
"giant lava lamps for sale",536
"girish latter wise tsjirt",537
"glamcheck.Com t shirt",538
"global corporate merchandise",539
"gmail t-shrit",540
"go gool shop.com",541
"Go shop t shirt",542
"gogal branded",543
"gogale",544
"goggle official site boosie clothing",545
"Goggle online shopping.com",546
"GogglE sticker",547
"goggle store",548
"Goggle store",549
"goggle store.com",550
"goggle store.sg",551
"gogglestore",552
"GoggleyouTOUD",553
"gogl men",554
"gogle",555
"GOGLE",556
"gogle and mooch wali girl t shirt",557
"Gogle bag",558
"gogle developer",559
"Gogle hat",560
"gogle kids",561
"gogle men",562
"Gogle online",563
"gogle pyl store",564
"gogle sourcing headphone ka upyog",565
"gogle stor",566
"gogle store",567
"gogle t shirt",568
"gògle tshirts",569
"gogle VRHadset online shop",570
"gogle yutube",571
"Goglesyoutube",572
"gogole merhandise store",573
"Goigle t shirts",574
"golang pink",575
"golang t shirt",576
"golang t shirts",577
"goodgle apparels",578
"goodies google",579
"goodies online store",580
"goofgle",581
"goofle merchandise shop",582
"goog t",583
"googal anroid kida bag kese dhundte he",584
"Googal bag",585
"Googal bip bag",586
"Googal men",587
"googal mens",588
"googal mick power bank",589
"googal shirt",590
"googal.com holi tshirt",591
"googale store",592
"googe metchandise store",593
"Googe of te shert",594
"googe store",595
"Googel sswag",596
"googel stor",597
"googel t",598
"googel uk com",599
"googgle cor mens",600
"googgle store",601
"GooGI IDN",602
"googie bags",603
"GOOGIEBALCKPQRN",604
"GoogIepIeyStore",605
"Googil hat",606
"googil store",607
"googke merhadiestore",608
"googke t shirt",609
"googl",610
"googl chrome store",611
"googl hoodie",612
"googl indonesia",613
"googl shop",614
"googl store",615
"Googl store backpack uk",616
"googl t shirt",617
"googl. sop",618
"Googl.com.tisart..xom",619
"Googl.e.www.com.baf",620
"googla usa",621
"google",622
"Google",623
"Google's Gmail Shortcut Stickers",624
"Google's HK store",625
"Google's online shoping",626
"Google's online store",627
"Google-branded Bluetooth Headphones",628
"google-maps t shirt",629
"GOOGLE .CLOTH.COM",630
"Google .with of tote .",631
"google + online",632
"Google + online store",633
"google + rfid",634
"Google <U+0435>****",635
"Google <U+30AA><U+30F3><U+30E9><U+30A4><U+30F3><U+30B7><U+30E7><U+30C3><U+30D7>",636
"google 24 o z",637
"google accesorey",638
"google accesories",639
"google accessories",640
"Google accessories",641
"google accessories store",642
"google and plugged in merchandise",643
"google android laptop",644
"google android merchandise",645
"google android mug",646
"google android store",647
"google android t shirt",648
"google app shop",649
"google app store",650
"google Appachchi store",651
"google apparel",652
"google apparel shop",653
"google apparel store",654
"Google Assistant T shirt",655
"google atore canada",656
"google attire",657
"google australia",658
"google australia logo",659
"google australia url",660
"google backback",661
"google backpack",662
"Google backpack",663
"google backpack laptop",664
"Google backpack store. uk",665
"google backpacks",666
"google bag",667
"Google bag",668
"google bag price",669
"google bag problem solf",670
"google bagpacks",671
"google bags",672
"Google bags",673
"google bags online",674
"Google bags online price",675
"google ball",676
"google ballpen",677
"Google Banner mugs",678
"google baseball cap",679
"google baseball hat",680
"google beenie",681
"google beg perice",682
"google bicycle buy",683
"google bicycle sale",684
"google bike buy",685
"google bike for sale",686
"google bike kit",687
"Google bike purchase",688
"google bike sales",689
"google black",690
"google black women t shirt",691
"google blogger merchandise",692
"google blue",693
"google bluetooth headph",694
"google bluetooth headphone",695
"google bluetooth speaker",696
"google Bluetooth speaKer",697
"google book bags",698
"google bottle",699
"Google bottle",700
"google brand store",701
"Google Brand Store",702
"google brand stores",703
"google brand tee online india",704
"Google branded stuff",705
"google brasil",706
"google buy items",707
"google buy online",708
"google ca store",709
"google campus shop",710
"google campus store",711
"google canada",712
"google cap",713
"Google cap",714
"google cap buy",715
"Google cap.",716
"google car",717
"google cell phone",718
"google chandail boutique",719
"google chrom store",720
"google chrome caveman t shirt",721
"google chrome mug",722
"google chrome shirt",723
"google chrome shop",724
"google chrome store",725
"google chrome storee",726
"Google Chrome t shirt",727
"google chrome web store developer",728
"google clotging store",729
"google cloth",730
"Google cloth's",731
"google cloth shopping",732
"google clothe",733
"google clothes",734
"Google clothes in india",735
"google clothes shopping",736
"google clothes store",737
"google clothing",738
"Google clothing",739
"google clothing line",740
"google clothing site",741
"google clothing store",742
"google clothings",743
"google cloths",744
"google cloths shoping",745
"google cloud t shirt",746
"google co in shopping",747
"google coffee mug",748
"google collar t shirt",749
"google com greece",750
"google com hk",751
"google com office",752
"google comapny t shart on india buy",753
"google compant",754
"google company",755
"google company in usa",756
"google company jacket",757
"Google company online",758
"google company shirts",759
"google company site",760
"google company store",761
"Google company store",762
"google company tshirts",763
"google con",764
"Google Coogle portugal",765
"google coom",766
"google crhome store",767
"google criend tshirt",768
"google cup made by diginext",769
"google customer service",770
"google cvom",771
"google cycle buy",772
"Google cycle buy",773
"google cycle price",774
"google cycle shop online",775
"google danmark",776
"google daydream shirt",777
"Google decals",778
"google deutschland",779
"google dev shirt",780
"google developer account",781
"google developer merchandise",782
"google developer store",783
"google developer t-shirt",784
"Google developer t-shirt",785
"Google developer T-shirt",786
"Google Developer T-shirt",787
"google developer t shirt",788
"Google Developer t shirt",789
"google developer t shirt india",790
"google developer t shirt price",791
"google developer t shirts",792
"google developer tshirt",793
"google developer tshirts",794
"Google Developers out fits clothes",795
"google developers play",796
"google Developers t-shirts",797
"google developers t shirt",798
"google developers tshirt",799
"google devleoper",800
"google devloper tshirts",801
"google devlopers t shirt",802
"google devolopers group t-shirt",803
"google devwloper tshirt",804
"google disine t shirt",805
"google dog acceried",806
"google doodle",807
"Google Doodles Store",808
"google e",809
"google e shopping",810
"google e store",811
"Google earphone",812
"Google earphones",813
"google edit tea shirt price",814
"Google Ehirt",815
"google electronic",816
"google electronic products",817
"google electronic store",818
"google electronics",819
"Google electronics",820
"GOOGLE ELECTRONICS",821
"google electronics device",822
"google electronics products",823
"google electronics store",824
"Google electronics sulation",825
"google emarchandise",826
"google employee shirt",827
"google eshop",828
"google españa",829
"google estori",830
"google fan shop",831
"Google fashion store",832
"Google fhaunder hoo is",833
"google fi luggage tag",834
"google flacee",835
"google flashlight",836
"google flashlight on",837
"google fleece",838
"google for education merchandise",839
"Google for men",840
"Google for men's",841
"google for mens",842
"google for youtube",843
"google free bag",844
"google free online store",845
"google free store",846
"google free t shirt",847
"google free tshirts",848
"google fruit",849
"google full mens",850
"google g",851
"Google g headphone",852
"google g phone",853
"google gadget online",854
"google gadget shop",855
"google gadget store",856
"Google gadget store",857
"google gadget stores",858
"google gadgets",859
"google gadgets buy",860
"Google gadgets for sale",861
"google gadgets online",862
"google gadgets shop online",863
"google gboard android sticker",864
"google gear",865
"Google Gear",866
"google gear store",867
"google gear watch",868
"google germany",869
"google gift",870
"google gift card",871
"google gift cards",872
"google gift shop",873
"google gifts",874
"Google gifts",875
"GOOGLE GIFTS",876
"google go",877
"google goodie",878
"google goodies",879
"Google goodies",880
"google goodies store",881
"google goods price",882
"google google",883
"google google google",884
"google gray hood zipup",885
"google greece",886
"Google grefy",887
"google gstore",888
"google guides polo shirt",889
"google gym bag",890
"google happy",891
"google hat",892
"Google HAT",893
"Google hat sekca",894
"google hats",895
"Google hats",896
"google hats for sale",897
"google headgear",898
"google headphone",899
"google headphones",900
"Google headphones",901
"google headphones review",902
"google headquarter merchandise",903
"google headquarters shop",904
"google hearfones",905
"Google hero shinvdeo men",906
"Google hirt lndia",907
"Google hizen stoor",908
"google hk souvenior",909
"google home stickers",910
"google hooded t shirt",911
"google hoodie",912
"Google hoodie",913
"google hoodie green",914
"google hoodies",915
"Google hoodies",916
"google hoodies india",917
"google hoody",918
"Google hoody transparant",919
"google hooide",920
"google i am here t shirt",921
"google i youtube",922
"google id card holder",923
"Google ietams.com",924
"google in store",925
"google in usa",926
"google inc san francisco ca",927
"google india",928
"Google India Boys In Google T-shirt",929
"google india merchandise",930
"google india store",931
"google indonesia",932
"google io extended tshirt",933
"google io logo",934
"google io t shirt",935
"google io t shirts",936
"Google io t shirts",937
"google is android",938
"google it shirt",939
"google italia",940
"google italy",941
"google items",942
"Google items",943
"google items buy",944
"google items for sale",945
"google items that are for sale",946
"google jacket",947
"google jacket logo",948
"google jackets",949
"Google jackets",950
"Google ke earphone champ ka packed",951
"google kids",952
"google kids com",953
"Google kids merchandise",954
"Google kit",955
"Google labeled t-shirts and caps",956
"google lanyard",957
"google laptop",958
"Google Laptop and Cell Phone Stickers",959
"google leahrt",960
"google ledies shirt",961
"google life style",962
"google line corp retail stores",963
"Google lk Ladies T shirt",964
"google local guide logo",965
"google local guide t-shirt buy online",966
"google locaL guide t shirt",967
"google local guide t shirt buy",968
"google local guide t shirt buy online",969
"google local guide t shirt online shopping",970
"google logo backpack",971
"google logo bag",972
"google logo buy",973
"Google logo t-shirt",974
"Google logo t shart",975
"google logo t shirt",976
"google logo t shirt india",977
"Google long sleeve t-shirt",978
"google madhe bag",979
"google malaysia",980
"google malaysia store",981
"Google man shirts",982
"Google manes wear store",983
"google maps redesign",984
"google maps tshirt",985
"Google marchadies",986
"google marchandise",987
"Google marchandise",988
"google marchandise store",989
"Google marchandise store",990
"google marchendise",991
"google mat",992
"google mechendise store",993
"Google mechendiser",994
"Google men",995
"google men's",996
"Google Men's 100% Cotton Short Sleeve Hero Tee White",997
"google men's hoodie pullover",998
"Google men's price",999
"google men shirts",1000
"google mens",1001
"Google Mens",1002
"google merc handise store",1003
"google mercandise",1004
"google mercendise store",1005
"google mercendise store india",1006
"google merch",1007
"Google merch",1008
"google merch golang",1009
"google merch store",1010
"GOOGLE MERCH STORE",1011
"google merch uk",1012
"google merchadise",1013
"Google merchadise",1014
"Google merchadise store",1015
"google merchafise",1016
"google merchaindise",1017
"google merchaindise store",1018
"google merchamdise",1019
"google merchandaise store",1020
"google merchandi",1021
"google merchandice",1022
"google Merchandis",1023
"google merchandise",1024
"Google merchandise",1025
"Google Merchandise",1026
"GOOGLE MERCHANDISE",1027
"google merchandise buy online india",1028
"google merchandise canada",1029
"google merchandise deutschland",1030
"Google merchandise Germany",1031
"google merchandise in india",1032
"Google merchandise in jaipur",1033
"google merchandise india",1034
"Google Merchandise india",1035
"google merchandise indonesia",1036
"google merchandise ireland",1037
"google merchandise italia",1038
"google merchandise lanyard",1039
"google merchandise orders",1040
"google merchandise shop",1041
"google merchandise sotre",1042
"Google merchandise stoire",1043
"google merchandise store",1044
"Google merchandise store",1045
"Google Merchandise Store",1046
"google merchandise store co uk",1047
"Google merchandise store hello everyone",1048
"Google merchandise store hello Martina",1049
"google merchandise store hours",1050
"google merchandise store how to look",1051
"google merchandise store india",1052
"google merchandise store los angeles",1053
"google merchandise store miri",1054
"google merchandise store mountain view ca",1055
"google merchandise store mountain view hour",1056
"Google Merchandise Store Mountain View, CA",1057
"Google merchandise store notebook",1058
"Google merchandise store open on weekends",1059
"google merchandise store returns",1060
"Google merchandise store Spain",1061
"google merchandise store uk",1062
"google merchandise store.com",1063
"google merchandise storw",1064
"google merchandise stotre",1065
"google merchandise supplier",1066
"google merchandise syore",1067
"google merchandise uk",1068
"google merchandiser",1069
"google merchandiser store",1070
"google merchandising",1071
"Google merchandising",1072
"google merchandising brasil",1073
"google merchandising store",1074
"google merchandize",1075
"google merchandize store",1076
"google merchandse",1077
"google merchandsie score",1078
"google merchanise store",1079
"google merchansing stores",1080
"google merchansize",1081
"google merchant store",1082
"google merchasdise store",1083
"Google Merchdise Store",1084
"google merchendeise",1085
"google merchendi sestore",1086
"google merchendise",1087
"google merchendise store",1088
"google merchindaise",1089
"google merchndise",1090
"google merfhandise",1091
"google merhandise store",1092
"Google Merxhnadise",1093
"google mexico",1094
"Google mi bag name",1095
"google mountain",1096
"google mouse",1097
"google mouse pad",1098
"Google mouse pad",1099
"google mrchanise",1100
"google mug",1101
"Google mug",1102
"google mugs",1103
"Google mugs",1104
"Google muh 03849810",1105
"google mütze",1106
"Google nanday conure T-shirts",1107
"google note book",1108
"google notebook and pen",1109
"google notebook diary",1110
"google notebook laptop",1111
"google notebooks",1112
"google now review",1113
"google nyc address",1114
"google offic",1115
"google office",1116
"google official marchidise",1117
"GOOGLE OFFICIAL MARCHIDISE",1118
"google official merchandise",1119
"Google official pen",1120
"google official site boosie clothing",1121
"google official store",1122
"google official t shirt",1123
"google on line",1124
"google on youtube",1125
"google oneline.com",1126
"google onlain shoping",1127
"google onlanie",1128
"Google onlay",1129
"google onlene",1130
"google online",1131
"Google online",1132
"google online aukcia",1133
"google online fashion store",1134
"Google online office close store",1135
"google online products",1136
"google online shop",1137
"Google online shop",1138
"GOOGLE ONLINE SHOP",1139
"google online shop deutschland",1140
"google online shoping",1141
"Google online shopping.com",1142
"google online store",1143
"google Online Store",1144
"Google online store",1145
"Google Online Store",1146
"google online store backpack",1147
"google online store data",1148
"Google online store I lupa you",1149
"Google online store I suka you",1150
"google online store india",1151
"google online.",1152
"google pants",1153
"Google paraphernalia",1154
"Google partner accessories",1155
"google partner notebook",1156
"google pela sotor",1157
"google pen",1158
"Google pen",1159
"google pen online",1160
"google pens",1161
"Google pens",1162
"google pet",1163
"Google pewt",1164
"Google phone 8 headphones",1165
"google phone accessories",1166
"google phone add youtube hat shop",1167
"google phone italia",1168
"google phone shop",1169
"google phone store",1170
"google phone youtube hat shop",1171
"Google pla<U+01B4> store",1172
"google platinum",1173
"google play",1174
"google play bag",1175
"google play hoodie online",1176
"google play merchandise",1177
"google play online",1178
"google play online store",1179
"google play store online",1180
"google play store.com",1181
"google play.fr",1182
"Google pllay store",1183
"Google Plus Merchandise",1184
"Google plus shop",1185
"google polo",1186
"google polo shirt",1187
"google power bank",1188
"Google power bank",1189
"google power bank 5600mah",1190
"google power bqnk",1191
"google powerbank",1192
"google print bags",1193
"google print t shirt for man",1194
"google print t shirts",1195
"google printed t shirt",1196
"Google Printed T Shirt",1197
"google printed t shirts",1198
"Google printed t shirts",1199
"google printed t shirts india",1200
"google printed tshirt",1201
"google printed tshirt online shop",1202
"google printerd white t shirt",1203
"google product line",1204
"google products buy online",1205
"google products in dubai",1206
"google products mug",1207
"google products store",1208
"google pullover",1209
"Google purchase gadget",1210
"google rucksack",1211
"Google rucksack",1212
"google set",1213
"google shert",1214
"Google shir",1215
"google shirt",1216
"Google shirt",1217
"google shirt buy",1218
"google shirt buy online",1219
"google shirt design",1220
"google shirt for girls",1221
"Google shirt price",1222
"google shirt store",1223
"google shirtd",1224
"google shirts",1225
"Google shirts",1226
"google shirts buy",1227
"google shirts for sale",1228
"google shirts free",1229
"google shirts india",1230
"google shirts online",1231
"google shirts.com",1232
"google shirys",1233
"google sho",1234
"google shoope",1235
"google shop",1236
"Google shop",1237
"Google Shop",1238
"google shop australia",1239
"google shop backpack",1240
"Google shop baseball caps",1241
"google shop california",1242
"google shop dubai",1243
"google shop hoodie",1244
"google shop in malaysia",1245
"google shop india",1246
"Google shop india",1247
"google shop indonesia",1248
"google shop japan",1249
"google shop malaysia",1250
"Google shop Malaysia",1251
"google shop mauve gouache",1252
"google shop merchandise",1253
"google shop mountain view",1254
"google shop moutain view",1255
"google shop on line",1256
"google shop online",1257
"google shop store",1258
"google shop uae",1259
"google shop USA",1260
"google shop youtube",1261
"google shop.com",1262
"Google shop.com",1263
"google shope",1264
"google shopp",1265
"google shopping",1266
"google shopping bag",1267
"google shopping branded shirts",1268
"Google shopping Doa Kasumi t shirt",1269
"google shopping greece",1270
"google shopping india",1271
"google shopping indonesia",1272
"google shopping malaysia",1273
"google shopping online",1274
"google shopping store",1275
"google shopping uae",1276
"google shopping usa",1277
"google shopping USA",1278
"google shopping women's dress shirt",1279
"google shops",1280
"google short",1281
"google shorter",1282
"Google shrit com",1283
"google signpens",1284
"google singapore",1285
"google sipper bottles original merchandise",1286
"google smartphone neue",1287
"Google snap back black hat",1288
"google socks",1289
"google solo",1290
"google sop",1291
"google sotre",1292
"google sourcing earphones",1293
"google souvenir",1294
"google souvenir shop",1295
"google souvenir shop sunnyvale",1296
"google souvenir store",1297
"google souvenirs",1298
"google souvenirs store",1299
"google speaker accessories",1300
"google standlate",1301
"google steckar",1302
"google sticker",1303
"google sticker free",1304
"google sticker free shop",1305
"google sticker packs",1306
"google sticker shop",1307
"google sticker store",1308
"google stickers",1309
"Google stickers",1310
"Google stickers for phones",1311
"google stickers free",1312
"google stire",1313
"google stoar google pen",1314
"google stor",1315
"Google stor",1316
"google store",1317
"google Store",1318
"Google store",1319
"Google Store",1320
"GOOGLE STORE",1321
"gòogle store",1322
"google store .com",1323
"google store <U+30B0><U+30C3><U+30BA>",1324
"google store <U+955C><U+50CF>",1325
"google store accessories",1326
"google store address san francisco",1327
"google store america",1328
"google store android hoodie",1329
"google store android toy",1330
"google store app",1331
"google store australia",1332
"google store backpack",1333
"Google store backpack",1334
"google store campus",1335
"google store canada",1336
"google store cananda",1337
"google store chrome",1338
"google store companies",1339
"google store deutschland",1340
"google store dubai",1341
"google store dublin",1342
"google store eeuu",1343
"google store electronics",1344
"google store españa",1345
"google store france",1346
"google store free",1347
"google store germany",1348
"Google store Germany",1349
"google store greece",1350
"google store hk",1351
"google store in dubai",1352
"Google store in india",1353
"google store in italia",1354
"google store in Malaysia",1355
"Google store in Sydney",1356
"google store india",1357
"Google store india",1358
"google store india accessories",1359
"google store indonesia",1360
"google store international",1361
"google store inventory mountain view",1362
"google store ireland",1363
"google store italia",1364
"google store LINE",1365
"google store locations",1366
"google store malaysia",1367
"google store merchandise",1368
"google store merchandising",1369
"google store mexico",1370
"google store mountain view",1371
"google store mumbai",1372
"Google store offical store",1373
"google store on line",1374
"google store online",1375
"Google store online",1376
"google store online shopping",1377
"google store philippins",1378
"google store phone number",1379
"google store price",1380
"google store san diego",1381
"google store san francisco",1382
"Google store Seattle",1383
"google store sell t shirt",1384
"google store shirts",1385
"google store shop",1386
"google store singapore",1387
"google store spain",1388
"google store stickers",1389
"google store sydney",1390
"google store t-sthrts",1391
"google store tshirt",1392
"google store tshirt merchandise",1393
"google store tshirts",1394
"google store uae",1395
"google store uk",1396
"google store us",1397
"google store usa",1398
"Google store usar",1399
"google store utube",1400
"google store view",1401
"google store water bottle",1402
"google store women",1403
"google store worldwide",1404
"google store youtube",1405
"google store youtube apparel",1406
"Google store YouTube T-shirt",1407
"google store.",1408
"Google store.",1409
"google store.ca",1410
"google store.com",1411
"Google store.com",1412
"google store.uk",1413
"google store<U+5B98><U+7F51>",1414
"Google store<U+5B98><U+7F51>",1415
"google stores",1416
"Google stores",1417
"google stores mumbai",1418
"google storr",1419
"google storre",1420
"google storw",1421
"google stote",1422
"google stpre",1423
"google strore",1424
"google stuffs",1425
"google stylus",1426
"google stylus pen",1427
"google stylus pen w/ led light",1428
"Google Stylus Pen w/ LED Light",1429
"google stylus W light pen",1430
"google suirt",1431
"google sunglasses",1432
"google support",1433
"google support usa",1434
"google swag",1435
"Google swag",1436
"google swag bag",1437
"google swag gear",1438
"google swag pack",1439
"google swag store",1440
"google sweat shirt",1441
"google sweater",1442
"Google sweater",1443
"google sweatshirt",1444
"google sweatshirts",1445
"google symbol bags",1446
"google t",1447
"Google t",1448
"Google T",1449
"google t-shirt",1450
"google T-shirt",1451
"Google t-shirt",1452
"Google T-shirt",1453
"google t-shirt for men",1454
"google t-shirt for women",1455
"google t-shirt free",1456
"Google t-shirt free",1457
"google t-shirt india",1458
"google t-shirts",1459
"google t-shirts online in india",1460
"GOOGLE T-SHRT",1461
"google T <U+30B7><U+30E3><U+30C4>",1462
"Google t shart",1463
"google t sharts",1464
"google t shert",1465
"google t shirt",1466
"Google t shirt",1467
"Google T shirt",1468
"google t shirt buy online",1469
"google t shirt buy online india",1470
"google t shirt d",1471
"google t shirt design",1472
"google t shirt for google smartphone retail",1473
"google t shirt for sale online",1474
"google t shirt free",1475
"google t shirt india",1476
"google t shirt kid",1477
"google t shirt nederland",1478
"google t shirt online",1479
"google t shirt online india",1480
"google t shirt online shopping india",1481
"google t shirt store",1482
"google t shirts",1483
"google T shirts",1484
"Google t shirts",1485
"Google T shirts",1486
"Google T Shirts",1487
"GOOGLE T SHIRTS",1488
"google t shirts buy online india",1489
"google t shirts free",1490
"google t shirts india",1491
"Google t shirts india",1492
"google t shirts online",1493
"google t shirts online india",1494
"google t<U+30B7><U+30E3><U+30C4>",1495
"Google t<U+30B7><U+30E3><U+30C4>",1496
"Google T<U+30B7><U+30E3><U+30C4>",1497
"google t<U+6064> online store",1498
"google technologic sunglasses",1499
"google tee",1500
"google tee india",1501
"google tee shirt",1502
"google tee shirts",1503
"Google the bottle",1504
"google the website",1505
"google themed single t-shirt",1506
"google ti shirt",1507
"Google tishrt",1508
"google tlote",1509
"Google to shirt",1510
"google toddle",1511
"Google toddle",1512
"google tolder",1513
"google tore",1514
"google tote bag",1515
"google touch",1516
"google travel",1517
"Google tri",1518
"google trucker hat",1519
"google tshirt",1520
"Google tshirt",1521
"Google Tshirt",1522
"Google tshirt buy",1523
"Google Tshirt buy",1524
"google tshirt buy online",1525
"Google tshirt hatt",1526
"google tshirt online",1527
"google tshirt store",1528
"google tshirts",1529
"Google tshirts",1530
"google tshjrt",1531
"google tsirt",1532
"google tube",1533
"Google tube",1534
"google uae",1535
"google uk",1536
"google uk shopping",1537
"google uk store",1538
"google url address",1539
"google us",1540
"google us store",1541
"google usa",1542
"google usa home",1543
"google usa page",1544
"google usa shopping",1545
"google usa store",1546
"google usa website",1547
"google vests",1548
"google view malaysia",1549
"Google vintage",1550
"google vinyl logo sticker",1551
"google visitor shop",1552
"google wake shirt",1553
"google wall stickers",1554
"google water",1555
"Google water",1556
"google water bottels",1557
"google water bottle",1558
"google water bottle free",1559
"google water bottles",1560
"google waterbottle",1561
"google wear shopping",1562
"google web store",1563
"Google web store",1564
"google website store",1565
"google what is water",1566
"Google where you buy things",1567
"google with mic and headphone",1568
"google writing",1569
"google written t shirt",1570
"Google www. brand store gr",1571
"Google y320a power bank",1572
"google you tube",1573
"google you tybe",1574
"google youth",1575
"google youtube",1576
"Google youtube",1577
"Google YouTube",1578
"google youtube apparel'",1579
"google youtube merchandise",1580
"google youtue",1581
"google zipper",1582
"GOOGLE ZIPPER",1583
"Google!",1584
"google, belfry t shirts",1585
"Google,Bags,com",1586
"google.apparel",1587
"google.co m",1588
"google.com",1589
"google.com/swag",1590
"google.hat",1591
"google.mug.apg",1592
"google.ny caps",1593
"Google.on line.com",1594
"Google.online.com",1595
"google.shirts",1596
"Google.shop",1597
"Google.SHRET.com",1598
"Google.sihllog.tee",1599
"google.store",1600
"google.store us",1601
"Google.t",1602
"google.tishart.com",1603
"Google.u.teuob",1604
"google/merchandise/store",1605
"google/ur45 t-shirts",1606
"google_compoloshirts",1607
"google_n a",1608
"google_t",1609
"google+ shop",1610
"Google<U+30AA><U+30F3><U+30E9><U+30A4><U+30F3><U+30B9><U+30C8><U+30A2>",1611
"google<U+5546><U+5E97><U+5B98><U+7F51>",1612
"Google17",1613
"googleappstore",1614
"googlebadf.com",1615
"googlebonline store",1616
"googledevelopers",1617
"googlee shirts",1618
"Googlee shirts co.",1619
"googleerchandise",1620
"googleflashlight",1621
"googlehats",1622
"Googlekick",1623
"GoogleKick",1624
"googlekids",1625
"googlelaptopbags",1626
"googlemarchandise",1627
"googlemarchandisestore",1628
"googlemarchendise",1629
"googlemeerchandise stoer",1630
"googlemen",1631
"googlemerch",1632
"googlemerchandise",1633
"GoogleMerchandise.com",1634
"googlemerchandisestore",1635
"googlemerchandisestore.com",1636
"googlemerchendisestore",1637
"googleonlain",1638
"googleonline",1639
"Googleonline",1640
"googleonlinestore",1641
"googleplex merchandise store",1642
"googleplex store",1643
"googleplex swag store address",1644
"Googlepolo.com",1645
"googler",1646
"googler merchandise",1647
"googles company",1648
"googles españa",1649
"googles merchandise store",1650
"googles online",1651
"googles shop",1652
"googles store",1653
"Googles T sharts",1654
"googles t shirt belt type",1655
"googlesexstorewebcom",1656
"googleshop",1657
"googleshop online",1658
"googlestor",1659
"googlestore",1660
"Googlestore",1661
"GOOGLESTORE",1662
"googlestore us",1663
"googlestore.com",1664
"Googlestore.com",1665
"googlestore<U+5B98><U+7F51>",1666
"googlestorecom",1667
"googlestoremerchandise. com",1668
"GoogleStroe",1669
"googlesupport",1670
"googlet",1671
"Googlet tshirts",1672
"googletube",1673
"GooglextantWebstore online",1674
"googlle store",1675
"googlr shop",1676
"googlr store",1677
"googlre",1678
"googls",1679
"googlstore",1680
"Googlstore",1681
"googlw",1682
"googlwe",1683
"googlwplaystore",1684
"Googly store",1685
"googonline",1686
"googtshirts",1687
"goohle",1688
"goohle t",1689
"goole brand shirt",1690
"goole shooping online",1691
"goole store",1692
"goole t shirt",1693
"goole tshert",1694
"goole web store",1695
"goole youtube",1696
"goolg",1697
"goolgle",1698
"goolgle water",1699
"gooogl",1700
"gooogle brasil",1701
"gooogle store",1702
"gooole item",1703
"goose",1704
"gopher youtube",1705
"goppgle",1706
"goutube",1707
"gpogle shirt",1708
"gtoogle",1709
"gugal stor",1710
"gugel onllen",1711
"handheld nesting totes",1712
"Handsome styledh t shirts",1713
"hangouts for buying shirts",1714
"hardcover journal book",1715
"Harrharr Store yutob.in",1716
"Hasum tee google",1717
"Hat google",1718
"hat of youtube",1719
"hats of google",1720
"hats on which Google is written",1721
"head gear",1722
"HEAD GEAR",1723
"headgear",1724
"Headgear",1725
"headgear accessories",1726
"headphone google",1727
"Headwear itam price",1728
"hero tshirt white",1729
"hgoogle store",1730
"hombre arana",1731
"home store merchandise",1732
"home t",1733
"home youtube",1734
"hood pink",1735
"hoodie",1736
"hoodie android",1737
"hoodie for men",1738
"hoodie goggle",1739
"hoodie google",1740
"hoodie grey",1741
"hoodie shops",1742
"hoodie zipper google",1743
"hoodies shops",1744
"hoodpink",1745
"hoodPink",1746
"hosel shirt t shirt nanpur market sohe",1747
"housewares",1748
"how about google",1749
"how can i store items on google",1750
"how cod i get youtube tshirts",1751
"how do i get shirts of google",1752
"How do i order for marchandise online",1753
"How Google gift Card",1754
"how high youtube",1755
"how made shop in you tube",1756
"how much does the youtube gaming jacket cost",1757
"how ti get google allo t-shirt",1758
"how to buy a google t shirts",1759
"how to buy a nenu local shirta",1760
"how to buy google io t-shirt",1761
"how to buy google t shirts",1762
"how to buy youtube cap",1763
"how to buy youtube t shirt",1764
"how to buy YouTube Tshirts",1765
"how to create shop merchandise",1766
"how to earn free on google merchnadise",1767
"how to get a Google T-shirt",1768
"how to get an official t-shirts of Google",1769
"how to get android developer t-shirt",1770
"how to get free google merchandise",1771
"how to get free google shirts",1772
"how to get free google t shirt",1773
"how to get free google t shirt in india",1774
"how to get free youtube t shirt",1775
"how to get google cap",1776
"how to get google developer t shirt",1777
"how to get google goodies",1778
"how to get google official t shirt",1779
"how to get google shirt",1780
"how to get google stickers",1781
"how to get google store sticker",1782
"how to get Google t-shirt from Google",1783
"how to get google t shirts",1784
"how to get google tdhirt",1785
"how to get t shirt from youtube",1786
"How to get tshirt from google",1787
"how to get youtube 5shirt",1788
"how to get youtube shirt",1789
"how to get youtube t-shirt",1790
"how to get youtube t shirt",1791
"how to get YouTube t shirt",1792
"how to get youtubers t-shirts",1793
"how to Google clothes",1794
"How to i want t shirt orginial brand in bangladesh",1795
"how to make a computer mouse pad",1796
"How to make free YouTube merch",1797
"how to order own youtube chanel name t shirts",1798
"How to prepare a short note book you tube",1799
"how to purchase shop on google",1800
"how to shop on google",1801
"how to win google developer t-shirt",1802
"how will i get YouTube T shirt from YouTube",1803
"hoyoutube",1804
"http://bit.ly/2rbJMWb",1805
"http://shop.googlemerchandiserstore.com/",1806
"http://www.google-store.com/",1807
"http://www.googlemerchandisestore.com",1808
"http://www.how to get a google.net",1809
"https :/google store.com",1810
"https//sho.google merchandises.com",1811
"https://goo.gl/NAfGD1",1812
"Https://goo.gl/vlixh7",1813
"https://goto.google.com/a/google.com?continue=https://goto.google.com/googleswag",1814
"https://goto.google.com/a/google.com?continue=https://goto.google.com/onlinestore",1815
"https://store.google.com",1816
"https://store.google.com.de",1817
"https://www.googlemerchandisestore.com",1818
"https://www.googlemerchandisestore.com/",1819
"https://www.googlemerchandisestore.com/Google+Redesign/Accessories/",1820
"https://www.googlemerchandisestore.com/Google+Redesign/Accessories/Bags/Osprey+Backpack.axd",1821
"https://www.googlemerchandisestore.com/Google+Redesign/Accessories/Drinkware/16oz+Fusion+Mug.axd",1822
"https://www.googlemerchandisestore.com/Google+Redesign/Accessories/Drinkware/Chrome+Snuggle+Mug.axd",1823
"https://www.googlemerchandisestore.com/Google+Redesign/Accessories/Housewares/Chrome+Coaster.axd",1824
"https://www.googlemerchandisestore.com/Google+Redesign/Accessories/Stickers/",1825
"https://www.googlemerchandisestore.com/Google+Redesign/Brands/Android/Android+Porcelain+Mug.axd?cid=939",1826
"https://www.googlemerchandisestore.com/Google+Redesign/Fun/Juggle+Ball+Set.axd?page_no=2",1827
"https://www.googlemerchandisestore.com/Google+Redesign/Fun/Pop-a-Point+Crayon.axd",1828
"https://www.googlemerchandisestore.com/Google+Redesign/Fun/Wind+Up+Android.axd",1829
"https://www.googlemerchandisestore.com/Google+Redesign/Kids/Apparel/Youth+Pullover+Hoodie+-+Blue.axd",1830
"https://www.googlemerchandisestore.com/Google+Redesign/Kids/Headwear/Jersey+Mesh+Youth+Cap.axd",1831
"https://www.googlemerchandisestore.com/Google+Redesign/Kids/Infant/Vintage+Red+Infant+Player+Bodysuit.axd",1832
"https://www.googlemerchandisestore.com/Google+Redesign/New+2015+Logo/Latitudes+Foldaway+Shopper.axd",1833
"https://www.googlemerchandisestore.com/Google+Redesign/New+2015+Logo/Malibu+Sunglasses.axd",1834
"https://www.googlemerchandisestore.com/Google+Redesign/New+2015+Logo/RoxBox+Mini+Twist+Bluetooth+Speaker.axd?cid=1340",1835
"https://www.googlemerchandisestore.com/Google+Redesign/New+2015+Logo/Youth+Black+is+Back+Tee.axd?ci=9671982&io=2867406&ex=1&tp=127672&wmc=LI2_param",1836
"https://www.googlemerchandisestore.com/shop.axd/Home",1837
"https://www.googlemerchandisestore.com/shop.axd/Search?keywords=gopher",1838
"https://www.googlemerchandisestore.com/shop.axd/Search?keywords=ingress",1839
"https://www.googlemerchandisestore.com/shop.axd/UpdateCart",1840
"https://www.raterhub.com/url",1841
"https://www.youtube.com/watch?v=YG2p6XBuSKA",1842
"https:shop:googlemerchandisestore.com",1843
"hyderabad tshirt rrat youtub",1844
"hyoitube",1845
"hyoutube",1846
"hyutube",1847
"i google",1848
"i love google tshirt",1849
"i want pic of T shrit",1850
"i want to buy Google gajet online",1851
"id holder",1852
"ifam merchandise",1853
"images on bag",1854
"india",1855
"india google",1856
"ingress store europe",1857
"ink pen with light",1858
"Inqola yabafazi t-shirt",1859
"insulated stainless tumblers",1860
"insulated tumbler",1861
"inurl:""shop"" intext:""google gift card""",1862
"iotub",1863
"ireland google",1864
"is google going to be online shopping",1865
"is there a google store in sydney",1866
"is youtube give tshrt",1867
"is youtube google",1868
"it store you tube",1869
"italia google",1870
"itz janga men clothing",1871
"iutub",1872
"iutube",1873
"iutubi",1874
"Jabargaste maoci ke cudai youtup",1875
"jacke mit google logo",1876
"jacket google",1877
"jacket google developer",1878
"jacket google product",1879
"jacket you tube",1880
"jacket youtube",1881
"jaket google developer",1882
"jara brand germents mens t- shirt",1883
"Jarshi shirt",1884
"jellyfish lava lamp",1885
"jindabazar shop for shirt and t shirt",1886
"Jira",1887
"jomonte suvishem t shirt",1888
"jooglbag",1889
"jotube",1890
"journal leather",1891
"journal notebook",1892
"joutube",1893
"jual google bike",1894
"jual jaket gogle location",1895
"jual t shirt youtube",1896
"Jutjube",1897
"jutub",1898
"jutube",1899
"jyou tube",1900
"keyboard key stickers",1901
"keyboard stickers for pc",1902
"keyboard stickers pc",1903
"Kick ball merch",1904
"kid yoga mat",1905
"kids yellow t shirt",1906
"kids you tube",1907
"kids you tube shirts",1908
"kids youtube t shirt",1909
"kin bill",1910
"koleksi tshirt di rumah ayakan wonogiri",1911
"kumkum bhagya abhishrk prem mehra t shirts from which shopping website",1912
"ladies black v neck t shirt",1913
"ladies Google",1914
"lampada clips google shop",1915
"laptop backpack",1916
"laptop backpack bags",1917
"laptop backpack lightweight",1918
"large lava lamp",1919
"lather lamps for sale",1920
"lava floor lamp",1921
"lava lamp",1922
"Lava lamp",1923
"lava lamp 27 inch cheap",1924
"lava lamp amazon",1925
"lava lamp argos",1926
"lava lamp bong glass",1927
"lava lamp case",1928
"lava lamp mathmos",1929
"lava lamp pipe",1930
"lava lamp walmart",1931
"lava lamps",1932
"lava lamps argos",1933
"lava lamps at amazon",1934
"lava lamps blue",1935
"lava lamps for sale",1936
"lava lamps luxury",1937
"lava lamps target",1938
"lava light canvas",1939
"lava lights",1940
"lava lite blue",1941
"lavalamps",1942
"leatherette journal",1943
"leopard print chair bean bag",1944
"lifestyle men raglan",1945
"light blue Google's for men",1946
"light blue lava lamp",1947
"lighted pen",1948
"lime green lava lamp",1949
"line merchandise in india",1950
"LINE on the google store",1951
"list 10 items found in an office in your note book",1952
"local guides t shirt",1953
"local t shirt do mens",1954
"login to google store",1955
"logo merchandise online",1956
"logo of t-shirt",1957
"logo on youtube",1958
"logo power by android",1959
"logo shirt store",1960
"logo shop youtube",1961
"logo youtube shop",1962
"long t shirts for women",1963
"long t shirts women's",1964
"Lotto t shirt <U+09B8><U+09BE><U+09AE><U+09A8><U+09C7> <U+09AA><U+09C7><U+09A8><U+09CD><U+099F> <U+0986><U+09B0> <U+09AA><U+09C7><U+099B><U+09A8><U+09C7> <U+0987><U+09B8><U+099F><U+09BE><U+0987><U+09AA>",1965
"luggage tag",1966
"lunch bags for men",1967
"Made in Indonesia BOCCATI brand T-SHIRTS Price",1968
"maglietta google",1969
"Male mustributer shop in u tube",1970
"male tube",1971
"malibu glasses",1972
"mals shopping youtube",1973
"man shirt in photo",1974
"maplin store worthing west sussex lava lamps",1975
"marchendising teach youtube",1976
"mathmos neo lava lamp",1977
"me to youtube",1978
"mechandise",1979
"Mechandise",1980
"mechandise shop",1981
"men",1982
"men's google",1983
"men's Google",1984
"men's googls",1985
"men's performance wear",1986
"Men's Watershed Water-resistant Hooded Fleece",1987
"men 3x youtube",1988
"men coats & jackets",1989
"men flashlight",1990
"men long t shirt",1991
"men s outerwear",1992
"men s t-shirts",1993
"Men shirt full sleeve",1994
"men white t shirt",1995
"mens going out tops",1996
"mens google",1997
"mens gougle",1998
"mens printed tshirts bst colour for dark face",1999
"mens pullover",2000
"mens short sleeve shirts 100 cotton",2001
"mens t shirts",2002
"mens tshirt merchandizing",2003
"mens vest black",2004
"merch store",2005
"merch store youtube",2006
"merch t shirts",2007
"merch youtube",2008
"merchadasing",2009
"merchan store",2010
"merchandis stor asia",2011
"Merchandisa",2012
"merchandise",2013
"Merchandise",2014
"merchandise brand t shirt",2015
"merchandise clothes",2016
"merchandise clothing store",2017
"merchandise electronic",2018
"merchandise for youtubers",2019
"merchandise google",2020
"merchandise google indonesia",2021
"merchandise oficial de google",2022
"Merchandise oficial de Google.",2023
"merchandise online store",2024
"merchandise shop",2025
"merchandise store",2026
"Merchandise store",2027
"merchandise store app",2028
"merchandise store in india",2029
"merchandise website",2030
"merchandise youtube",2031
"Merchandise YouTube",2032
"merchandise youtube indonesia",2033
"merchandise youtuber indonesia",2034
"merchandise.google.com",2035
"merchandising google",2036
"merchandising youtube",2037
"Merchandising Youtube",2038
"merchandize store",2039
"merchandize stores",2040
"merchanfising google",2041
"merchant navy t shirt colors",2042
"merchendise",2043
"merchindise youtube",2044
"metal water bottles online",2045
"Mickey Clothing you tubes",2046
"micro wireless earphone",2047
"microcharger",2048
"mini me youtube",2049
"moon shot <U+30B7><U+30E3><U+30C4>",2050
"more bags",2051
"more love more power youtube",2052
"Morebag",2053
"mouse pad",2054
"mouse with mouse pad",2055
"mug",2056
"mug cup pictures",2057
"mug cups",2058
"mug google",2059
"Mug pic",2060
"mugs",2061
"my youtube",2062
"myyoutube",2063
"navy blue lava lamp",2064
"navy cap",2065
"navy t shirts official",2066
"need for a merchandise store",2067
"nest 3rd generation",2068
"nest carbon monoxide and smoke detector",2069
"nest ki t shart",2070
"nest learning thermostat",2071
"nest products",2072
"nest protect",2073
"nest protect alarm",2074
"nest t-shirts for boys",2075
"netplaymen tshirt grey base with red lining",2076
"new born size Android tshirt",2077
"new google",2078
"new google device",2079
"new google logo women's t shirt",2080
"next lava lamps",2081
"Nice sunglasses made for fun",2082
"nightscape stickers youtube",2083
"noise",2084
"Nokia305 store.com YouTube",2085
"nootbook",2086
"note books",2087
"notebook",2088
"notebook and pen",2089
"notebook google partnets",2090
"notebook store",2091
"notebook youtube",2092
"notebooks",2093
"notebooks and journals",2094
"notebooks for sale",2095
"noveraproduct/onlineshop.com",2096
"nwst t shirt for man",2097
"nyoutube",2098
"o Shap Google",2099
"oakland raiders bean bag chair",2100
"Official Google Coffee carry cup",2101
"official Google merchandise",2102
"official google merchandise uk",2103
"official google t shirts",2104
"official google tee shirts",2105
"official marchidise google",2106
"official merchandise gift store online in india",2107
"Official merchandise of youtube",2108
"official shop merchandiser america cup",2109
"official youtube",2110
"official youtube jacket",2111
"official youtube merchandise",2112
"okay google youtube",2113
"on you tube",2114
"onesie",2115
"onilne google soping",2116
"onine google shop",2117
"onlin youtube",2118
"online buy youtube tshirts",2119
"online clothing merchandise",2120
"Online google products",2121
"online google store",2122
"online india shopping tshirt youtube",2123
"online merchandise store",2124
"online merchandise stores",2125
"online purchase google T.shirt",2126
"online purchase youtube t shirt",2127
"online sale by google",2128
"online shop google",2129
"Online sopinge google",2130
"online sticker shop",2131
"Online Store Online Store Developer",2132
"online t-shirt business in bd",2133
"online youtube",2134
"Online youtube tshirt buy",2135
"onlinestore with Google",2136
"onlinw google shopping",2137
"open google market",2138
"open online stores",2139
"oprahistoryhttps://m.youtube.com",2140
"opstijkparel voor t shirt",2141
"orange and black lava lamp",2142
"order a google merchandise",2143
"order a youtube tshirt",2144
"order YouTube shirt online Canada",2145
"original google logo",2146
"original youtube tshirt",2147
"os lava lamp",2148
"otube",2149
"ou tube",2150
"outbe",2151
"outub",2152
"outube",2153
"ouube",2154
"ouutbe",2155
"oy u tube",2156
"oyoutube",2157
"oytube",2158
"oyu tube",2159
"oyutube",2160
"pease google stoer opan",2161
"pen",2162
"pen led",2163
"pet feeding",2164
"phone holder",2165
"Photos of t-shirt",2166
"Piaz gur kala merch wala totka",2167
"picture of cup",2168
"pictures of bags",2169
"pictures of Google doodle fruit games",2170
"pictures of man",2171
"pink gopher golang",2172
"pink you tube",2173
"play market online",2174
"play tee shirt",2175
"play youtube on android",2176
"play.googgle.com/store/",2177
"playa stor",2178
"playstore",2179
"poemas",2180
"polo google",2181
"polo.shirtay.google.com",2182
"poori vah de tesart",2183
"power bank",2184
"power bank <U+043E><U+0442> google",2185
"power bank on google",2186
"powerbank",2187
"powerbank google",2188
"precious cargo sticker for cars",2189
"price of youtube t shirt",2190
"product_type_l1==kids",2191
"product_type_l1==wearables&+product_type_l2==men's t-shirts",2192
"profecia de 2017",2193
"purchase google tshirts",2194
"Puri biokit T shirt",2195
"purple lava lamp",2196
"putiar bag google.com",2197
"pyoutube",2198
"qndroid shop",2199
"Quston about seleced merchandise",2200
"R39 ses flat top",2201
"R8y1XvNt2JL8AqS1",2202
"raglan shirt",2203
"raglan shirts",2204
"rainbow lava lamp",2205
"rcb t shurt sponsor by hero",2206
"recycled paper journals",2207
"red and orange lava lamp",2208
"red google mug",2209
"red hatter merchandise",2210
"red neon lava lamps",2211
"red t shirt woman",2212
"red tee",2213
"red tube",2214
"red tube t",2215
"red youtube",2216
"red youtube tshirt",2217
"reebok men red black osr ss tishart you tube",2218
"retractable pen",2219
"rossimoter t-shart",2220
"rryoutube",2221
"rugged backpack laptop",2222
"sairat parsha t shirr",2223
"samsung galaxy a3 lava lamp case",2224
"Sarastmmonte Babor er T shirt",2225
"ses lava lamp 35w bulb",2226
"Sexc store you tube",2227
"shart gogle.",2228
"Shiarts youtub",2229
"shipping to uk from usa google store",2230
"shir iet android",2231
"shirt",2232
"shirt for women",2233
"shirt google photographer certificad",2234
"shirt key for android",2235
"shirt mens",2236
"shirt prise googel",2237
"shirt store",2238
"Shirt with LOVED across chest",2239
"shirt youtube",2240
"shirts",2241
"shirts for kids",2242
"Shirts google",2243
"Shirts google.in",2244
"shirts shop",2245
"shirts store",2246
"shneap sop yotube",2247
"shooping google",2248
"shop",2249
"shop at google",2250
"Shop by google",2251
"shop for clothescon google",2252
"shop for shirts",2253
"shop gifts in mexico online from india",2254
"shop google",2255
"shop google merchandise",2256
"shop google merchandise store",2257
"shop google tshirt product",2258
"shop google ypu tube free t shirts",2259
"Shop ing the Google local edition",2260
"shop Journals",2261
"Shop Merchandise",2262
"shop merchandise store.com",2263
"shop on google",2264
"shop on Google",2265
"Shop on google",2266
"Shop on Google",2267
"Shop On google",2268
"shop on google india",2269
"shop on google shoulder bags",2270
"shop on googles",2271
"shop on googlr",2272
"shop onesies",2273
"shop shirts",2274
"shop tee shirts",2275
"shop youtube",2276
"shop youtuber",2277
"shop zu you tube",2278
"shop. merchandise.com",2279
"shop.google",2280
"shop.google merchandise.com",2281
"shop.google merchandisestore.com",2282
"shop.googlemerchandise.com",2283
"shop.googlemerchandisestore",2284
"Shop.GoogleMerchandiseStore.com",2285
"shop.goohle merchandise youtube",2286
"shop.on google",2287
"shope on google",2288
"shopgooglemerchandisestore",2289
"shopping google",2290
"shopping women t-shirts",2291
"shops in Google",2292
"shorter google",2293
"show me youtube",2294
"shred google sticker",2295
"shtop yuo tobe",2296
"shurts and andr tisharts",2297
"singapore google store",2298
"sirt gogle",2299
"Site google store",2300
"slender sign",2301
"slender slim",2302
"slimefest merchandise online store",2303
"smierc banderowcom t-shirt",2304
"Snapback do google",2305
"snapdeal/youtube T-shirt buy",2306
"socks with the you tube logo on them",2307
"SOP in google company",2308
"souvenirs from google hq",2309
"spingball buy online",2310
"spiral bound journals",2311
"spiral notebook",2312
"sport shirt google download",2313
"sports t shirts for kids",2314
"ss youtube",2315
"stainless steel sports bottle",2316
"stainless tumblers",2317
"steel water bottle online shopping",2318
"sticker",2319
"sticker google",2320
"stickers",2321
"stickers google",2322
"stickers shop",2323
"Stoe youtube",2324
"Stoer youtube",2325
"store",2326
"store apparel",2327
"store bag",2328
"Store bags",2329
"store gogle",2330
"store goog",2331
"store google",2332
"store google chrome",2333
"store google com",2334
"store google mexico",2335
"store google uk",2336
"store merchandise",2337
"store merchantdise",2338
"store notebook",2339
"Store nunge youtabe",2340
"store online",2341
"store på youtube",2342
"store shirts",2343
"store you tube",2344
"Store you tube",2345
"store youtube",2346
"store Youtube",2347
"Store youtube",2348
"store yuo tude",2349
"Store yutube",2350
"STORE. youtube.",2351
"store.googlemerchandise.com",2352
"store<U+0001F449>""youtube",2353
"stylish google powerbank",2354
"stylus",2355
"stylus pen",2356
"stylus pen light",2357
"suitcase organisers",2358
"sunday january 1st years",2359
"sunglass google",2360
"sunglasses store com",2361
"sunrise lava lamp",2362
"sunstar apparel t shirt any werety",2363
"superhero t shirts",2364
"superman lava lamp",2365
"swag clothing stores online",2366
"swag merch",2367
"swag store online",2368
"Sxi srore you tub",2369
"sylus pen",2370
"t",2371
"t- shirts pics",2372
"t-shir",2373
"t-shirt",2374
"T-shirt",2375
"T-shirt <U+098F><U+09B0> <U+09AA><U+09C2><U+09B0><U+09CD><U+09A8><U+09B0><U+09C1><U+09AA>",2376
"t-shirt =$6_*//*_",2377
"t-shirt goog and very good",2378
"t-shirt google maps",2379
"t-shirt gugel kids",2380
"t-shirt store",2381
"T-shirt store",2382
"T-shirt written fetsi",2383
"T-shirt you tube",2384
"t-shirt youtube",2385
"t-shirts",2386
"t-shirts store",2387
"T-Sirt sale in Bangladesh",2388
"t sart google shopping",2389
"t shart",2390
"t shart of crpf",2391
"T shart picture",2392
"t shart shop",2393
"t sheart samer torky",2394
"t shirl for youtuber",2395
"t shirt",2396
"t shirt ambos bangladesh",2397
"T Shirt anf kamish store",2398
"t shirt black",2399
"T shirt black",2400
"t shirt coatmer to order youtube",2401
"t shirt google",2402
"t shirt google engineer",2403
"t shirt google gratuit",2404
"t shirt google io 17",2405
"t shirt google logo",2406
"t shirt google taggle",2407
"t shirt karen and patan google",2408
"t shirt logo",2409
"T shirt london google",2410
"t shirt merchand",2411
"T Shirt of google company fulhastin calor t shirt pic",2412
"t shirt online stores",2413
"t shirt pic",2414
"t shirt shop",2415
"t shirt shoping.goole.com.in",2416
"t shirt shopping",2417
"t shirt stor",2418
"t shirt store",2419
"T shirt store",2420
"t shirt stores",2421
"T shirt styles price in bangladesh",2422
"t shirt t shirts",2423
"t shirt thuruth.com",2424
"t shirt with 100 things",2425
"t shirt youtube",2426
"t shirt zu sonnenhut umformen",2427
"t shirts",2428
"t shirts for men",2429
"t shirts for men Google india",2430
"t shirts from youtube",2431
"t shirts of you tjbe for men",2432
"t shirts on which you tube sis written for women",2433
"t shirts shop",2434
"t short Google",2435
"t shrt",2436
"t sirt google",2437
"t sirts",2438
"t youtube",2439
"t****",2440
"t,shirt",2441
"t.shirt",2442
"t.shirt boops xn",2443
"T<U+043E>m f<U+0430>rr t-shirt(<U+043F><U+0435><U+0440><U+0435><U+0432>. <U+043D><U+0430> <U+0440><U+0443><U+0441><U+0441><U+043A><U+0438><U+0439> <U+044F><U+0437><U+044B><U+043A>)?",2444
"T<U+30B7><U+30E3><U+30C4> <U+30B0><U+30FC><U+30B0><U+30EB>",2445
"T<U+30B7><U+30E3><U+30C4> Google",2446
"tahirt logo at voogle style",2447
"tall lava lamp",2448
"tall lava lamps",2449
"tea shart",2450
"tee",2451
"tee apparel",2452
"tee shirt",2453
"tee shirt g drive racing",2454
"tee shirt google",2455
"Tee shirt on google shop",2456
"tee shirt store",2457
"tee shit",2458
"tees google",2459
"Teeshart dikhao",2460
"teesharts",2461
"the crew t shirt youtube",2462
"the electronic store",2463
"the google cup",2464
"The Google Merchandise Store",2465
"the google merchandise store free shipment",2466
"the google store sunglasses",2467
"the merchandise shop",2468
"The Pantry",2469
"ti shert",2470
"Ti shirt store",2471
"tienda google",2472
"Tilixarj store",2473
"tisirt Google. com",2474
"toddle store",2475
"toddler",2476
"toddler raglan baseball t shirt",2477
"toddler skateboard",2478
"toddler tube",2479
"tote s",2480
"totes",2481
"totube",2482
"tou tube",2483
"touch stylus pen",2484
"tour descagar",2485
"toutobe",2486
"toutub",2487
"toutube",2488
"toutube free t shirt",2489
"toutuebe",2490
"toyutube",2491
"travel bag branded",2492
"travelex laptop bags on google",2493
"TSHEGO the white T-shirt",2494
"tshert",2495
"tshirt",2496
"tshirt google",2497
"tshirt google developer",2498
"tshirt logo",2499
"tshirt logo nanaya food & fruits store",2500
"tshirt merchandizing",2501
"tshirt montagnards gambar bunga",2502
"tshirt price in UAE",2503
"tshirt shop",2504
"tshirt store",2505
"tshirt van google",2506
"tshirt youtube",2507
"tshirta for youtube video",2508
"tshirts",2509
"tshirts men",2510
"tshirts store",2511
"tshort",2512
"tube",2513
"tube store",2514
"tube you tube",2515
"tube youtube",2516
"tumbler bottle",2517
"tumbler store",2518
"tutuve",2519
"tyou tube",2520
"tyou tubre",2521
"tyoutub",2522
"tyoutube",2523
"tyoutuhe",2524
"typutibe",2525
"tyutube",2526
"u tub",2527
"u tube",2528
"U tube store",2529
"u tube t",2530
"u tubw",2531
"u tuibe",2532
"u5sQvJGpOsPeJ3pi",2533
"uae selling websites",2534
"uk google",2535
"ultrasoft tri blend v neck shirts",2536
"unacademy t-shirts",2537
"unspeakable store youtuber",2538
"unusual lava lamps",2539
"uou tube",2540
"uourube",2541
"uoutub",2542
"uoutube",2543
"uoutube t shirt online",2544
"uoy tobe",2545
"uoytube",2546
"uputibr",2547
"urban peak caps headwear 24",2548
"us google",2549
"us google official srore",2550
"us google store",2551
"usa google site",2552
"utbe",2553
"Uteob sexè satore",2554
"utub",2555
"Utub Logo tee shirt",2556
"utube",2557
"utube fun",2558
"utube gamers t-shirts",2559
"utube logo t shirt",2560
"utube.com",2561
"Utubo.cam",2562
"utubr",2563
"utubs",2564
"utupe",2565
"uyou tub",2566
"uyoutub",2567
"uyoutube",2568
"uyube",2569
"uyutube",2570
"vanadio t-shirt v23",2571
"varsity youtube",2572
"video you tube",2573
"view google com",2574
"vintage bands shirts swag tumblr",2575
"vintage mens t shirts",2576
"vintage tees womens",2577
"vintage usa t shirt",2578
"vintage youtube",2579
"VIP catrice t-shirt 40 sample dekhne ke liye",2580
"viveza sw t-shirt",2581
"volcano lamps at ebay",2582
"vrchandise.com",2583
"wakazapost tishet",2584
"water",2585
"water boottle",2586
"water bottle",2587
"water bottle pic",2588
"water bottle that keeps water cold",2589
"water bottle with google",2590
"water bottles",2591
"water glass online shopping",2592
"Water mug",2593
"waterproof back pack",2594
"waterproof backpack",2595
"WATR BOTL HAI KAWALTI",2596
"watter bottle",2597
"waze window cling",2598
"we are on google sticker",2599
"wearing t shirts",2600
"web store gugle",2601
"Website to buy youtube tshirts",2602
"what are apparel tshirts",2603
"what does a tumbler do in a water bottle",2604
"what is google merchandise",2605
"What is the Goggle company's official uniform",2606
"what to do if you live in another country and have to buy google merchandise",2607
"where can i buy a google t shirt",2608
"where can I buy you tube shirts",2609
"where can i get an original youtube t shirt",2610
"where do you buy google shirts",2611
"where from i can buy a youtube tshirt",2612
"Where to buy andriod goodies",2613
"where to buy google hoodie",2614
"where to buy google merchandise",2615
"where to buy google shirt",2616
"where to buy google shirt in singapore",2617
"where to get google stickers",2618
"where we can find the clothing and accessories in google demo account",2619
"where you can find me shop with cheap mechindise",2620
"white google t-shirts",2621
"white google tshirt",2622
"white t shirts HD pic",2623
"who made youtube",2624
"Who wears google t shirts",2625
"wifi",2626
"will google ship mobile phone to apo",2627
"wind up",2628
"wiomw android",2629
"wireless gaming mouse",2630
"with good written matter hoody men",2631
"wizard hat lava lamp",2632
"woman classic t-shirts on spring &summer2017",2633
"Women's Convertible 4-Way Vest",2634
"women's long sleeve tee",2635
"women's t shirts",2636
"women's t shirts online",2637
"women's territory v neck short sleeve t shirt",2638
"women of youtube",2639
"women s outerwear",2640
"women t-shirt with the icon of you tube in iy",2641
"womens apparel",2642
"womens green vest",2643
"womens long t shirts",2644
"womens shirts shop on google",2645
"womens t-shirts",2646
"womens t shirts",2647
"womens tops google shopping",2648
"womens vintage t shirts",2649
"Womenyoutube",2650
"WOMENYOUTUBE",2651
"work san francisco",2652
"worn on youtube",2653
"ww google+android",2654
"ww.w.google",2655
"WW2 chimneys facts",2656
"wwe google",2657
"wwgoogle",2658
"www .google jkt 2016",2659
"www 7 dog .com",2660
"www com google",2661
"www com youtube",2662
"www coogle t",2663
"www dot google dot com",2664
"www ggogle",2665
"www gogl",2666
"www gogle",2667
"www gogle shop online",2668
"www goglee",2669
"www gogole",2670
"www goo",2671
"www googe",2672
"WWW GOOGGOL",2673
"www googIe GoogIe BAQ",2674
"www googj",2675
"www googl",2676
"www google",2677
"Www google",2678
"WWW GOOGLE",2679
"www google com youtube",2680
"www google de",2681
"www google hat",2682
"www google it com",2683
"www google nl",2684
"www Google power bank",2685
"www google store",2686
"www googlee",2687
"WWW GOOGLEONLINE.COM",2688
"www goohgle",2689
"www shrit com",2690
"Www tube 99",2691
"www youtu",2692
"www youtube in",2693
"Www,gogel onlay,com",2694
"Www,was shop.com",2695
"Www. Google",2696
"www. merstore com",2697
"www. teeo 99. Cnm",2698
"www.......google goods",2699
"www.achete gother stil.ca",2700
"www.chrome web store.com",2701
"www.co.uk google store",2702
"www.diesel school bag and travelling bag . price carton centre .shopping. Google. co.za",2703
"www.fensi Tisurt imegs.com",2704
"www.gogel.de",2705
"www.gogel.se",2706
"www.goggle-shop.com",2707
"www.goggle store.com",2708
"www.gogle chrome",2709
"www.gogle.ca",2710
"www.goglel singapura",2711
"www.Gogol. com shoping",2712
"Www.goo le come frok by home clothes",2713
"www.Goodlg.Bag.Com",2714
"www.googel.com ng gift",2715
"www.googl mayapn.com",2716
"www.google",2717
"WWW.GOOGLE",2718
"www.google argentina",2719
"www.google chrome",2720
"www.google imasnal store",2721
"www.google mans shart",2722
"www.google online.com",2723
"www.google shirt",2724
"Www.google shirt.com",2725
"www.Google shop.com",2726
"WWW.google shop.com",2727
"www.google shop.com of buy one get one",2728
"www.google shopping",2729
"www.google store",2730
"www.Google store.com",2731
"Www.google store.com",2732
"www.google.anawjt baf",2733
"www.google.com bag",2734
"www.google.com gifts",2735
"www.google.com mens tshirt",2736
"www.google.com mwdt0udhmjxd.t ?",2737
"www.google.com onlin shirt and tshirt",2738
"www.google.com phul shirt on laine",2739
"www.google.com pouch",2740
"www.google.com shirt of girl",2741
"www.google.com t shirt",2742
"www.google.com t shirts",2743
"www.google.com.br/clothes?",2744
"www.google.comhinf stores",2745
"www.google.company",2746
"www.google.shirt letestmodel.com",2747
"www.google.tee shirt",2748
"www.google.to",2749
"www.google.uk",2750
"www.googlemerchandisestore",2751
"www.googlemerchandisingstore",2752
"www.googles.com",2753
"www.googlestore",2754
"www.googlestore.ca",2755
"www.googlestore.com",2756
"www.googly.com",2757
"www.gool",2758
"www.Goolge plaky stroe.COM",2759
"Www.gooogle man",2760
"www.grearsport tishart.com",2761
"www.gugel play",2762
"www.outfittersbuying T- shirts .com",2763
"www.powernank elotronics.com",2764
"www.shopgoogle.com",2765
"www.utube.8.com",2766
"www.what is the rate of t shirt in bogra altabali market with t shirt.com",2767
"WWW.WHOLESALE BOLLYHOOD HEROS SKINTIGHT TSHIRTS.COM",2768
"www.youiube",2769
"www.youtupe t shirt free.com",2770
"www.YuyTub.stor.com",2771
"wwwgogel",2772
"wwwgogle",2773
"wwwgoog",2774
"wwwgoogle play",2775
"wwwgoogle.com on youtube",2776
"Wwwgoogle.sopping store",2777
"wwwgoogledotcom",2778
"wwwgoole",2779
"wwwgougle",2780
"wwwngoogl",2781
"wwww google",2782
"wwwww googl",2783
"wyoutube",2784
"xinui handbags on.google",2785
"xl lava lamp",2786
"y o u t u b e",2787
"Y O U T U B E",2788
"y otube",2789
"y tube",2790
"y tupe",2791
"y0ou tube",2792
"y64 t4be",2793
"yahoogooglesexbaag",2794
"yash selfhu madu sahajada songs gogle sunglasses",2795
"yatube",2796
"YAUBE",2797
"yautube",2798
"yellow google",2799
"yellow tshirt",2800
"yioutube",2801
"yiouutbe",2802
"yiu tube",2803
"yiutub",2804
"yiutube",2805
"yiutube",2806
"yiutubr",2807
"ykutube",2808
"yloutube",2809
"ylutube",2810
"yo no necesito google tshirt",2811
"yo tbue",2812
"yo tube",2813
"yo Tube.store",2814
"yo u tobe",2815
"yo utbe",2816
"yo utube",2817
"yoeu tub",2818
"yoga block",2819
"yohtube t shirt",2820
"yohutube",2821
"yoitube",2822
"yoiu tibe",2823
"yoiu tube",2824
"yoiu tubve",2825
"yoiutube",2826
"yojtube",2827
"yoo tube",2828
"yootob",2829
"yootobe",2830
"yootu",2831
"yootube",2832
"Yootube.",2833
"Yootup",2834
"yootuube",2835
"yootuve",2836
"yoou tube",2837
"yooutubbe",2838
"yooutube",2839
"yopu tube",2840
"yopu tubr",2841
"yoputube",2842
"YORUB",2843
"yorube",2844
"yot tube",2845
"yot ube",2846
"yotbe",2847
"Yotob",2848
"yotobe",2849
"yotop",2850
"yotoube",2851
"yotrube",2852
"yotu",2853
"yotu be",2854
"yotub",2855
"Yotub",2856
"yotub e",2857
"yotubbe",2858
"yotube",2859
"Yotube",2860
"YOTUBE",2861
"yotube online",2862
"yotube tshirt",2863
"yotubee",2864
"yotuber",2865
"yotubi",2866
"YOTUBI",2867
"yotubi store",2868
"yotubu",2869
"yotue",2870
"yotuhb",2871
"yotujbe",2872
"yotule",2873
"yotunbe",2874
"yotuob",2875
"yotuobe",2876
"yoturbe",2877
"yotutube",2878
"yotuube",2879
"yotuueb",2880
"yotuv",2881
"yotuve",2882
"yotwyb",2883
"yotyop",2884
"you bute",2885
"you rtube",2886
"you rube",2887
"you t",2888
"you t ube",2889
"you tbe",2890
"you tebe",2891
"you thbe",2892
"you thube",2893
"you tibe",2894
"you tob",2895
"YOU TOB",2896
"you tobe",2897
"You tobe",2898
"you tobu",2899
"you toeb",2900
"you toobe",2901
"you tou",2902
"you tou e",2903
"you toub",2904
"you toube",2905
"you tove",2906
"you tu",2907
"you tu be",2908
"you tuab",2909
"YOU TUAB",2910
"you tub",2911
"YOU TUB WARK SHOP",2912
"you tuba",2913
"you tubbe",2914
"you tube",2915
"You tube",2916
"You Tube",2917
"YOU TUBE",2918
"You tube . Com",2919
"you tube 8",2920
"you tube broadcast yourself",2921
"you tube cap",2922
"you tube clothing",2923
"you tube com",2924
"you tube from store",2925
"you tube home",2926
"you tube logo",2927
"you tube logo t shirt",2928
"you tube logo t shit low price buy",2929
"You tube logo tshirt",2930
"you tube merchandise",2931
"You tube online",2932
"you tube red",2933
"you tube s",2934
"You tube sakhai store",2935
"You tube shirs",2936
"you tube shirt",2937
"you tube shop",2938
"you tube shoping my brands",2939
"you tube stor",2940
"you tube store",2941
"You tube store",2942
"You Tube Store",2943
"You tube stores",2944
"you tube sxxx store.com",2945
"you tube t",2946
"you tube t-shirt",2947
"You tube t-shirt",2948
"you tube t-shirts",2949
"you tube t shirt",2950
"you tube t shirt online",2951
"you tube t shirts buy",2952
"you tube tahirts",2953
"you tube trucker cap google merchandise",2954
"you tube tshirt",2955
"you tube you tube you tube",2956
"you tube youtube",2957
"You tube zivotinjski sbjet arktika",2958
"you tube.com",2959
"You tube.com",2960
"you tube.com/store",2961
"you tube/",2962
"you tubed",2963
"you tubee",2964
"you tubeeeee",2965
"you tubeer t shirt",2966
"you tuber",2967
"you tubes",2968
"you tuble",2969
"you tubne",2970
"you tubr",2971
"you tubw",2972
"you tubwe",2973
"you tude",2974
"You tude",2975
"you tue",2976
"you tuibe",2977
"you tukbe",2978
"you tunbe",2979
"you tuob",2980
"you tup",2981
"you tupe",2982
"you turb",2983
"you tuube",2984
"you tuv",2985
"you tuvbe",2986
"you tuve",2987
"You tuve",2988
"you tuvr",2989
"you tuybe",2990
"you tybe",2991
"you tyub",2992
"you tyube",2993
"you ube",2994
"you utbe",2995
"you ute",2996
"you yhbe",2997
"you youtube",2998
"you ytube",2999
"you yube",3000
"you yubr",3001
"you,tube store",3002
"you.Tobe",3003
"You.tobe",3004
"You.tube",3005
"You.tube.google",3006
"you.tube.shop.",3007
"youb tube",3008
"yoube",3009
"youbtube",3010
"youbube",3011
"youbute",3012
"Youe tube",3013
"youfube",3014
"yougube",3015
"youi tube",3016
"youitube",3017
"youm tube",3018
"youn tube",3019
"yountube",3020
"your merchandise google",3021
"your tube",3022
"yourttube",3023
"yourtube",3024
"yourub",3025
"yourube",3026
"yourube t shirt",3027
"yourubw",3028
"youruve",3029
"yout",3030
"yout be",3031
"yout bue",3032
"yout toub",3033
"yout tube",3034
"yout tue",3035
"yout ube",3036
"youtabe",3037
"youtb",3038
"youtb e",3039
"youtbe",3040
"Youtbe",3041
"youtbe be",3042
"youtbee",3043
"youtber",3044
"youtbeu",3045
"youtboe",3046
"youtbre",3047
"youtbu",3048
"youtbue",3049
"youtbued",3050
"youte",3051
"youte youb",3052
"youteb",3053
"youtebe",3054
"youtebu",3055
"youteube",3056
"youtgube",3057
"youth youtube logo shirt",3058
"youthbe",3059
"youthube",3060
"youtibe",3061
"Youtiv.hat",3062
"youtne",3063
"youto",3064
"youto be",3065
"youtob",3066
"youtobe",3067
"Youtobe",3068
"youtobemen",3069
"youtoobe",3070
"youtope",3071
"youtoub",3072
"youtoube",3073
"youtoubi",3074
"youtouby",3075
"youtouop",3076
"youtoup",3077
"youtove",3078
"youtrube",3079
"youtrubre",3080
"youttub",3081
"youttuve",3082
"youtu",3083
"youtu b",3084
"youtu be",3085
"youtu e",3086
"youtub",3087
"Youtub",3088
"youtub e",3089
"youtub.com",3090
"youtuba",3091
"youtubb",3092
"youtubbe",3093
"youtubbr",3094
"youtubd",3095
"youtubde",3096
"youtube",3097
"youTube",3098
"Youtube",3099
"YouTube",3100
"YOuTube",3101
"YOUTube",3102
"YOUTUbe",3103
"YOUTUBE",3104
"youtubegoogle",3105
"youtube -site:youtube.com",3106
"youtube ?",3107
"YouTube <U+0432> <U+043C><U+0430><U+0433><U+0430><U+0437><U+0438><U+043D><U+0435> <U+0433><U+043E><U+043E><U+0433><U+043B>",3108
"youtube 0",3109
"youtube 00",3110
"youtube a",3111
"youtube about love",3112
"youtube accessories",3113
"YouTube accessories",3114
"Youtube All stors",3115
"youtube and you",3116
"youtube andriod",3117
"youtube android",3118
"youtube apparel",3119
"Youtube apparel",3120
"youtube baby merch",3121
"youtube backpack",3122
"YouTube Bolger tshirts reward level",3123
"youtube boys",3124
"YouTube brand t shirt",3125
"youtube branding t shirt buy online",3126
"youtube bright eyes",3127
"youtube broadcast",3128
"youtube broadcast yourself",3129
"youtube broadcast yourself de",3130
"youtube browesr store",3131
"youtube cap",3132
"youtube cap men buy",3133
"youtube caps store",3134
"youtube clothes",3135
"youtube clothing",3136
"Youtube clothing in stir UK",3137
"youtube com youtube",3138
"youtube conm",3139
"youtube cover",3140
"youtube custom",3141
"youtube customize tshirt online",3142
"youtube de",3143
"youtube e com",3144
"youtube edu",3145
"youtube exsesorys",3146
"youtube fliptop",3147
"youtube for kids",3148
"youtube free shoping",3149
"youtube free t shirt",3150
"youtube free t shirt india",3151
"YouTube full sleeve tshirt India",3152
"YOUTUBE FULL T SHIRTS",3153
"youtube g",3154
"YouTube gaming clothing",3155
"YouTube gaming hoodie",3156
"youtube gaming jacket",3157
"YouTube gaming jacket",3158
"youtube gaming jacket for sale",3159
"Youtube gaming Jackets",3160
"youtube gaming merch",3161
"youtube gaming merchandise",3162
"YouTube Gaming merchandise",3163
"youtube gaming shop",3164
"YouTube Gear",3165
"youtube genuine t shirts",3166
"youtube gift",3167
"Youtube gogle",3168
"youtube going home",3169
"youtube google",3170
"youtube google youtube",3171
"youtube hard",3172
"youtube hat",3173
"Youtube hat",3174
"youtube home",3175
"Youtube Home",3176
"YouTube home",3177
"YouTube Home",3178
"youtube hoodie",3179
"Youtube hoodie",3180
"YouTube hoodie",3181
"youtube hoody",3182
"youtube i want love",3183
"youtube in men's t-shirt",3184
"youtube india",3185
"youtube indonesia merchandise",3186
"youtube jacket",3187
"YouTube jacket",3188
"YouTube Jacket",3189
"youtube jacket for sale",3190
"youtube jacket red and white",3191
"youtube kamukta.com store",3192
"youtube kids",3193
"youtube logo",3194
"youtube logo cap",3195
"youtube logo cap india",3196
"youtube logo full shirt",3197
"youtube logo merch",3198
"youtube logo shirt buy online",3199
"YouTube logo t-shirt",3200
"youtube logo t shirt",3201
"Youtube logo t shirt",3202
"YouTube logo t shirt",3203
"youtube logo t shirt buy online",3204
"youtube logo t shirt india",3205
"youtube logo t shirt price in bd",3206
"YouTube logo tshirts",3207
"youtube logo tsirt",3208
"youtube logo water bottle",3209
"youtube logos",3210
"YouTube man t-shirt price",3211
"youTube men",3212
"youtube merch",3213
"Youtube merch",3214
"YouTube merch",3215
"YouTube Merch",3216
"youtube merch shop",3217
"youtube merch store",3218
"youtube merch uk",3219
"youtube merchandise",3220
"Youtube merchandise",3221
"YouTube merchandise",3222
"YouTube Merchandise",3223
"Youtube merchandise buy in india",3224
"youtube merchandise buy online",3225
"youtube merchandise india",3226
"youtube merchandise indonesi",3227
"youtube merchandise indonesia",3228
"youtube merchandise shop",3229
"youtube merchandise store",3230
"Youtube merchandise store",3231
"YouTube Merchandise Store",3232
"YouTube merchandise store Canada",3233
"youtube merchandise uk",3234
"youtube merchandise vancouver",3235
"youtube merchandise youth tshirts",3236
"youtube Merchandising",3237
"youtube merchandising store",3238
"youtube merchandisr",3239
"youtube merchesdise",3240
"youtube mershandise",3241
"youtube millwall store",3242
"Youtube murchandice",3243
"YouTube murchindise",3244
"youtube muzyka",3245
"youtube notebook buy online",3246
"youtube official clothing",3247
"youtube official jersey",3248
"youtube official merchandise",3249
"youtube on",3250
"youtube on t shirt",3251
"youtube online",3252
"YouTube Online",3253
"youtube online play",3254
"youtube online store",3255
"youtube play store comcom",3256
"youtube player t shirt",3257
"youtube print t shirts for men",3258
"youtube printed t shirt",3259
"YouTube printed t shirts buy online",3260
"youtube printed tshirt in indian rate",3261
"youtube printed tshirts",3262
"youtube red jacket for sale",3263
"youtube redesign",3264
"youtube s",3265
"Youtube Selected clothing",3266
"youtube shirt",3267
"Youtube shirt",3268
"YouTube shirt",3269
"youtube shirt buy",3270
"youtube shirt with your name",3271
"youtube shirts",3272
"Youtube shirts",3273
"YouTube shirts",3274
"youtube shirts for sale",3275
"youtube shirts kid's",3276
"youtube shirts price",3277
"youtube shirty buy",3278
"youtube shirz",3279
"youtube shop",3280
"Youtube shop",3281
"Youtube Shop",3282
"YouTube shop",3283
"YouTube Shop",3284
"YOUTUBE SHOP",3285
"YouTube shop for brand",3286
"youtube shop for shirt",3287
"youtube shop my brand",3288
"youtube shopping t.schirt",3289
"youtube shops",3290
"youtube sotere",3291
"youtube stor",3292
"YouTube stor",3293
"youtube store",3294
"Youtube store",3295
"Youtube Store",3296
"YouTube store",3297
"YouTube Store",3298
"YOUTUBE STORE",3299
"YouTube stores",3300
"youtube stpre",3301
"youtube sur store",3302
"youtube sweatshirt",3303
"youtube t",3304
"YouTube t",3305
"youtube t-shirt",3306
"youtube T-shirt",3307
"YouTube t-shirt",3308
"youtube t-shirt buy",3309
"Youtube T-Shirt buy",3310
"YouTube T-shirt buy",3311
"youtube t-shirt buy online in india",3312
"youtube t-shirt for man",3313
"youtube t-shirt free",3314
"youtube t-shirt online shopping",3315
"YouTube T-shirt online shopping",3316
"youtube t-Shirts",3317
"Youtube t-shirts",3318
"YouTube t-shirts",3319
"youtube t-shirts mean online shopping",3320
"YouTube t shart",3321
"Youtube T shart online",3322
"youtube t shert",3323
"youtube t shirt",3324
"Youtube t shirt",3325
"Youtube T Shirt",3326
"YouTube T shirt",3327
"YouTube t shirt's",3328
"youtube t shirt buy",3329
"Youtube T shirt buy",3330
"YouTube T shirt buy in india",3331
"YouTube T shirt buy in India",3332
"youtube t shirt buy online",3333
"youtube t shirt free",3334
"youtube t shirt free shop",3335
"youtube t shirt grey",3336
"youtube t shirt in sylhet shop",3337
"youtube t shirt india",3338
"youtube t shirt india azon",3339
"youtube t shirt india online",3340
"youtube t shirt india wholesale",3341
"YouTube t shirt online",3342
"youtube t shirt online india",3343
"youtube t shirt price in bangladesh",3344
"youtube t shirt price in bd",3345
"YouTube T shirt shirt shirt shirt shirt shirt shirt shirt shirt shirt shirt shirt",3346
"youtube t shirts",3347
"Youtube t shirts",3348
"youtube t shirts buy",3349
"youtube t shirts for sale",3350
"Youtube t shirts for sale",3351
"youtube t shits",3352
"youtube t.shirt",3353
"youtube t<U+30B7><U+30E3><U+30C4>",3354
"Youtube tesharts buy online in India",3355
"youtube thareral store",3356
"YouTube thsirt",3357
"youtube tishirt",3358
"youtube tshirt",3359
"Youtube tshirt",3360
"YouTube tshirt",3361
"youtube tshirt buy",3362
"youtube tshirt for mens india online",3363
"youtube tshirt india.",3364
"youtube tshirt online",3365
"youtube tshirt order",3366
"Youtube Tshirt ordering",3367
"youtube tshirt purchase",3368
"youtube tshirts",3369
"youtube tshirts online buy",3370
"youtube tshort",3371
"youtube tshorts buy online",3372
"youtube tshrt",3373
"youtube tsirts",3374
"youtube tsore",3375
"youtube tube",3376
"youtube uk store",3377
"youtube university hoodie",3378
"youtube usa",3379
"youtube USA women on man",3380
"youtube utube",3381
"youtube view buy",3382
"Youtube water bottle merch",3383
"youtube water bottle shop",3384
"youtube webshop",3385
"youtube website",3386
"youtube white t shirt want to buy",3387
"youtube who",3388
"Youtube Women",3389
"youtube work from home",3390
"youtube x",3391
"youtube you",3392
"youtube you youtube",3393
"youtube youtube",3394
"Youtube YouTube",3395
"YouTube YouTube",3396
"youtube youtube video",3397
"youtube youtube youtube",3398
"youtube youtube youtube youtube",3399
"youtube youtube youtube youtube youtube",3400
"Youtube.",3401
"youtube.cim",3402
"youtube.com",3403
"youtube.comu",3404
"youtube.conm",3405
"Youtube.doratvplay.stor",3406
"youtube.ocm",3407
"youtube.store",3408
"Youtube.store",3409
"youtube.xom",3410
"youtube+",3411
"youtubea",3412
"youtubeb",3413
"youtubebe",3414
"youtubede",3415
"youtubee",3416
"YouTubeer t-shirt",3417
"youtubei",3418
"youtubemagaza",3419
"youtuben",3420
"youtubeo",3421
"youtubeou tube",3422
"youtuber",3423
"youtuber clothing brands",3424
"youtuber hat logo buy online india",3425
"youtuber logos",3426
"youtuber merch",3427
"youtuber merchandise",3428
"Youtuber Merchandise",3429
"youtuber merchs",3430
"youtuber printed t shirt online buy",3431
"youtuber shop",3432
"youtuber shops nerchandise",3433
"youtuber t shirt",3434
"YouTuber T shirt buy",3435
"youtuber t shirt shop",3436
"youtuber t shirts",3437
"youtuber t shirts bd",3438
"youtuber water bottle",3439
"youtubers shirts for their merch",3440
"Youtubers shop",3441
"youtubers t shirt india buy online",3442
"youtubes",3443
"youtubesexstore",3444
"youtubeshop",3445
"Youtubeshop",3446
"YouTubeshop",3447
"youtubestore",3448
"youtubetube",3449
"youtubeube",3450
"youtubew",3451
"youtubey",3452
"youtubeyou",3453
"youtubge",3454
"youtubhe",3455
"youtubi",3456
"youtuble",3457
"youtubne",3458
"youtubo",3459
"youtubr",3460
"youtubre",3461
"youtubs",3462
"youtubt",3463
"youtubue",3464
"youtubve",3465
"youtubw",3466
"youtubwe",3467
"youtuby",3468
"youtude",3469
"youtude store",3470
"youtudo",3471
"youtue",3472
"youtueb",3473
"youtuee",3474
"youtueo",3475
"youtugbe",3476
"youtuge",3477
"youtuhbe",3478
"youtuhe",3479
"youtuibe",3480
"youtuibed",3481
"youtujbe",3482
"youtun",3483
"youtunbe",3484
"youtune",3485
"youtunf",3486
"youtunr",3487
"youtuop hat",3488
"youtup",3489
"youtup wwe shop.google merchan disesor.com",3490
"youtupe",3491
"Youtupe",3492
"youtupoe",3493
"youtur",3494
"youturb",3495
"youturbe",3496
"yoututbe",3497
"yoututber tees",3498
"youtuube",3499
"youtuv",3500
"Youtuv",3501
"youtuvb",3502
"youtuvbe",3503
"youtuve",3504
"youtuybe",3505
"youtve",3506
"youtwo",3507
"youty",3508
"youtybe",3509
"youtyobe",3510
"youtyu",3511
"youtyube",3512
"youu tube",3513
"youub",3514
"youub e",3515
"youube",3516
"youubr",3517
"youubte",3518
"youurbe",3519
"youut",3520
"youutb e",3521
"youutbe",3522
"youutbhe",3523
"youutub e",3524
"youutube",3525
"youutubw",3526
"youutuube",3527
"youuube",3528
"youuuu tube",3529
"youy tube",3530
"youybe",3531
"youyrube",3532
"youytube",3533
"youyu",3534
"youyub",3535
"youyube",3536
"youyubr",3537
"youyunr",3538
"youyuve",3539
"yov tube",3540
"yoy tube",3541
"yoyitbe",3542
"yoyrtube",3543
"yoytubd",3544
"yoytube",3545
"yoytuby",3546
"yoyu tube",3547
"yoyube",3548
"yoyutube",3549
"yoyutuve",3550
"yoztube",3551
"ypitube accessoires",3552
"ypoutube",3553
"ypu tine",3554
"ypu tube",3555
"ypu tueb",3556
"ypurube",3557
"yputbe",3558
"yputbu",3559
"yputibe",3560
"yputub",3561
"yputube",3562
"yputube cap",3563
"yputubr",3564
"yputue",3565
"yt store",3566
"yt to",3567
"ytobe",3568
"ytobi",3569
"ytoutube",3570
"ytube",3571
"YTuber store",3572
"yu tub",3573
"yu tube",3574
"yu tupe",3575
"yubetube",3576
"yubtube",3577
"yuetube",3578
"yuo bube",3579
"yuo teub",3580
"yuo tobe",3581
"yuo tube",3582
"ýuo tube",3583
"yuo tube store",3584
"yuo tube.com",3585
"yuo tuop",3586
"yuo tuve",3587
"yuo utube",3588
"yuot ube",3589
"yuotbe",3590
"yuotobe",3591
"yuotoube",3592
"yuotub",3593
"yuotube",3594
"yuotubee",3595
"yuotubn",3596
"yuotubve",3597
"yuotune",3598
"yuotup",3599
"yuotupe",3600
"yuotuybe",3601
"yuou tube",3602
"yuoutube",3603
"yuoyube",3604
"yut be",3605
"yut tub",3606
"yutbe",3607
"yutiub",3608
"Yutob",3609
"yutobbe",3610
"yutobe",3611
"Yutobe",3612
"yutoob",3613
"yutoobe",3614
"yutoube",3615
"yutrube",3616
"yutu be",3617
"yutub",3618
"Yutub",3619
"yutub e",3620
"YUTUB FILME ONLINE XXXL",3621
"yutubbe",3622
"yutube",3623
"Yutube",3624
"yutube google",3625
"yutube shop",3626
"YUTUBE SHOP",3627
"yutuben",3628
"yutubey",3629
"yutubi",3630
"yutubiy",3631
"yutuble",3632
"yutubr",3633
"yutubre",3634
"yutubu",3635
"yutubve",3636
"yutubw",3637
"yutuby",3638
"yutude",3639
"yutunbe",3640
"yutupe",3641
"yutupyoutube",3642
"yututbe",3643
"yutuve",3644
"yutyub",3645
"yuube",3646
"yuutube",3647
"yuuutbe",3648
"yuytube",3649
"yyoutube",3650
"yyoutubr",3651
"yyoutuube",3652
"zindagi arahun main tshirt",3653
"zip hoodie goggle",3654
"zip hoodie ninja google",3655
"zip hoodiegoggle",3656
"ziphoodie google",3657
"zipper jacket <U+0995><U+09A4> <U+09AA><U+09CD><U+09B0><U+0995><U+09BE><U+09B0>",3658
"zu tube",3659
