"referralPath","ref_path_id"
"/",1
"//QwaujgsLA4",2
"//yt/about/fr/",3
"/_/chrome/newtab",4
"/_/scs/mail-static/_/js/k=gmail.main.en.0GPH2uMSzCM.O/m=m_i,t,it/am=OovHBMD8v-8PxrUMALLSByrM-_7nmE_lh33u4f67AFHIF-D_zf4fwP_B3rSFAg/rt=h/d=1/rs=AHGWq9Bw26GDOIqHVIJrV75k1GAl0OIjgQ",5
"/_/scs/mail-static/_/js/k=gmail.main.en.0neUhUgV9i0.O/m=m_i,t/am=OqtHBrD_7_3BuIZhQFf6at3573--_dR_6uce_58MiCOvAv1v9v8g_g_0p20U/rt=h/d=1/rs=AHGWq9BkCW4CbUxAJW_URTGIXMGiTc2pXA",6
"/_/scs/mail-static/_/js/k=gmail.main.en.4A652805qDM.O/m=m_i,t,it/am=OotHDjD_7_3BuIZhQFf6at3573--t9R36uce_58MiENeBfrf7P8B_B_Iz9so/rt=h/d=1/rs=AHGWq9DE7UX5GXJN6cksGMjsgvg61C7zZw",7
"/_/scs/mail-static/_/js/k=gmail.main.en.a8PmMLGCmsY.O/m=m_i,t,it/am=PiN-JWD-7_3BuMYwQLv01brz3n--f1J--9zj_5Mmgkh9FcB_s_8H-H8gN2-j/rt=h/d=1/rs=AHGWq9C26mIi6UC3wvbPJXFinHQrtB1p8g",8
"/_/scs/mail-static/_/js/k=gmail.main.en.Az9C4K3BfFw.O/m=m_i,pdt,t/am=yOLiAPJkvD-Ig1FAWekKhdn3zSeX2kf5wKP9iQcECrrp47_Z_0P8GwAAAAB0cYMC/rt=h/d=1/rs=AHGWq9Bh5c9jAsBIJ3Zlsdnh5S0r2Qrf3w",9
"/_/scs/mail-static/_/js/k=gmail.main.en.cqVHzFHVDy4.O/m=m_i,t/am=nhGvDGD_3_uDcQ3DgK701brz33--X9J39HKP_0-aAFG9CvTf7P8B_B_oTdso/rt=h/d=1/rs=AHGWq9DPNPOtrzsY1PJCOwHTzASf1PXfog",10
"/_/scs/mail-static/_/js/k=gmail.main.en.dUc3eoDK4q8.O/m=m_i,t/am=OosHBMD8v-8PxjWMAjLSByrM-57nm0_lh53A4_8T8VHIqoD_m_0_gM8DvWkLBQ/rt=h/d=1/rs=AHGWq9D8IoFFkinhcl7oxOGr0l3JNdFzUw",11
"/_/scs/mail-static/_/js/k=gmail.main.en.Fn1T0YFQTe8.O/m=m_i,t/am=nhGPDLD_7_3BuIZRQFf6QoV57z3fLWk_coHH_ydNgLhWffxv9v8g_g_05i0U/rt=h/d=1/rs=AHGWq9CWzz6INdSwAbt1VRyR7PEfsMq3hQ",12
"/_/scs/mail-static/_/js/k=gmail.main.en.Fn1T0YFQTe8.O/m=m_i,t/am=nlGvBLD_7_3BuJYBQFb6SIV57z_fLek7frnH_-dNgKheBf5v9v8g_w_25i0U/rt=h/d=1/rs=AHGWq9CweIBccyMQGXb5WBkSA1XmeHRFbA",13
"/_/scs/mail-static/_/js/k=gmail.main.en.glY8o3fd2c8.O/m=m_i,t,it/am=OovXHMD8v-8PxjUMA7rSV-vO-_7ne0tlh37c4_-TAVHJq0D_m_0_gP8D-WkbBQ/rt=h/d=1/rs=AHGWq9Ade4B3uiqbEbAdJcHGTtT6CxsgWg",14
"/_/scs/mail-static/_/js/k=gmail.main.en.glY8o3fd2c8.O/m=m_i,t/am=OovXHMD8v-8PxjUMA7rSV-vO-57ne0vlh37c4_8TAVHJq0D_m_0_gP8D_WkbBQ/rt=h/d=1/rs=AHGWq9Bpjqw1kTXHclg_63EeYczC8w6Zhw",15
"/_/scs/mail-static/_/js/k=gmail.main.en.HYfHhmCGcLw.O/m=m_i,t,it/am=OovXAjD_7_3BuJYBQFb6SIV53_98c6nssMs9_H8fEIW8Avy_2f8D-D_Ym7ZQ/rt=h/d=1/rs=AHGWq9BLg9q3dmf5EhdUj10Vwx38hng0PA",16
"/_/scs/mail-static/_/js/k=gmail.main.en.HYfHhmCGcLw.O/m=m_i,t,it/am=OqtXDjD_7_3BuIZhQFf6at153_N876n_1M89_j8REIe8CvS_2f8D-D-Qn7dR/rt=h/d=1/rs=AHGWq9AvO2eC0FRFkSvd5StTYz_Olr8GxA",17
"/_/scs/mail-static/_/js/k=gmail.main.en.JUctkA7RNwE.O/m=m_i,t/am=OosXAjD_7_3BuIZRQEb6QoV573---VR-yAEe_p-IjyKrAPxv9v8A_g_0li0U/rt=h/d=1/rs=AHGWq9Do2Tnyb5cRAkNGKkNX3GDCr7teMA",18
"/_/scs/mail-static/_/js/k=gmail.main.en.K6x2xY7Z8sk.O/m=m_i,t,it/am=nhGPDGCejPuDcQ3DgK70Vbrz338-X9J-9HKP6k-YAFG9CvTf7P9B_B_oTdso/rt=h/d=1/rs=AHGWq9AUFhMpRDf9Ex-ypKSUpnNTPqLJng",19
"/_/scs/mail-static/_/js/k=gmail.main.en.nLTH4asIQvg.O/m=m_i,t/am=nhGPDGD-3_uDcQ3DgK701brz33u-Xyo_arnH_ycDROlVoP_N_h_A_4HctI0C/rt=h/d=1/rs=AHGWq9Dt40xOzJpGR_DIZpAnsYORm3D48w",20
"/_/scs/mail-static/_/js/k=gmail.main.en.nLTH4asIQvg.O/m=m_i,t/am=nlGPDGD_3_uDcQ3DgK701brz33u-X-o_ernH_ycDROlVoP_N_h_A_4HcvI0C/rt=h/d=1/rs=AHGWq9AHLq8w0UI7iCnpS2PoWbvF_zuQfQ",21
"/_/scs/mail-static/_/js/k=gmail.main.en.Om8FR-gDTvg.O/m=m_i,t,it/am=PiNeCdj_e38wrjEMaKWv1p3__vP9kvLTyz3-P2kCROpVQP_N_h_A_4HetI0C/rt=h/d=1/rs=AHGWq9Deo8X2JIA-k9UZ1UoV3PW3wSg_1g",22
"/_/scs/mail-static/_/js/k=gmail.main.en.OyLtBe9iQbs.O/m=m_i,t/am=msUBAbD_9_3BuIZRQFb6QoV53z_fXCof8oDv_xOHj0K2Av5v9v8Av4fe1AIF/rt=h/d=1/rs=AHGWq9AqzQQfHcJ15Lb-gKAtgonxShwnGQ",23
"/_/scs/mail-static/_/js/k=gmail.main.en.PDqUrNqDME8.O/m=m_i,t,it/am=OqvHHMD-v-8PxjUMA7rSV-vO-_7ne0v9h37u8f_JgKjkVaD_zf4fxP-B_LSNAg/rt=h/d=1/rs=AHGWq9BLPEHaiYtroPTtNNt9f58RWpwh2w",24
"/_/scs/mail-static/_/js/k=gmail.main.en.sXDiEpUnPe0.O/m=m_i,t,it/am=nhGvDGD-3_uDcQ3DgK701brz33u-Xyo_e7nH_ycDROlVoP_N_h_A_4H-tI0C/rt=h/d=1/rs=AHGWq9Bm-1qj1hhkb8cG9EpeilyYgWjoxA",25
"/_/scs/mail-static/_/js/k=gmail.main.en.sXDiEpUnPe0.O/m=m_i,t/am=nhGPDGD_3_uDcQ3DgK701brz33u-Xyo_ernH_ycDROlVoP_N_h_A_4H-tI0C/rt=h/d=1/rs=AHGWq9DoJNSjXWhFJzIOsF9TlNVmaT3ykA",26
"/_/scs/mail-static/_/js/k=gmail.main.en.sXDiEpUnPe0.O/m=m_i,t/am=nhGvDGD-3_uDcQ3DgK701brz33--fyo7ernH_ycCROlVoP_N_h_A_4H8tI0C/rt=h/d=1/rs=AHGWq9C6XBb3nGaWWdKKp6-fnmm8jhLQIg",27
"/_/scs/mail-static/_/js/k=gmail.main.en.sXDiEpUnPe0.O/m=m_i,t/am=nhGvDGD-3_uDcQ3DgK701brz33--Xyo_ernH_ycCROlVoP_N_h_A_4H-tI0C/rt=h/d=1/rs=AHGWq9BWKIIuZ5qsDT3LXl-J0n8GD_BzMQ",28
"/_/scs/mail-static/_/js/k=gmail.main.en.sXDiEpUnPe0.O/m=m_i,t/am=nhGvDGD-3_uDcQ3DgK701brz33u-Xyo_ernH_ycDROlVoP_N_h_A_4H8tI0C/rt=h/d=1/rs=AHGWq9B_uO7FiaAYA3dFwC9ReydYz9uChQ",29
"/_/scs/mail-static/_/js/k=gmail.main.en.sXDiEpUnPe0.O/m=m_i,t/am=nlGvDGD-3_uDcQ3DgK701brz33u-X-o7ernH_ycDxOlVsP_N_h_A_4H8vI0C/rt=h/d=1/rs=AHGWq9DM7u7aTKuqa6oeH7gffgAIUdwBEw",30
"/_/scs/mail-static/_/js/k=gmail.main.en.sXDiEpUnPe0.O/m=m_i,t/am=nlGvDGD_3_uDcQ3DgK701brz33u-X-o_ernH_ycCxOlVoP_N_h_A_4H8vI0C/rt=h/d=1/rs=AHGWq9DZh-qg_8c1c0lP0rAgN4MLoQwwoA",31
"/_/scs/mail-static/_/js/k=gmail.main.en.sXDiEpUnPe0.O/m=m_i,t/am=nlGvDGD_3_uDcQ3DgK701brz33u-X-o_ernH_ycDROlVoP_N_h_A_4H8tI0C/rt=h/d=1/rs=AHGWq9DxkOMBdUc1BxN9tz7byDfHNOtiyQ",32
"/_/scs/mail-static/_/js/k=gmail.main.en.veMxmBDxIko.O/m=m_i,t/am=OotXBrD_7_3BuIZhQFf6at3573m-vdR_9nKP_08GxMmrQP-b_T-A_wP9aBsF/rt=h/d=1/rs=AHGWq9D5CpglNHS-aJk87-ZzJhrdz-ytjA",33
"/_/scs/mail-static/_/js/k=gmail.main.en.VSE1BHcxoTk.O/m=m_i,t,it/am=OotHDjBPxv3BuIZhQFf6Kt35738-vVR-6Oce1Z8IiCKvAv1v9v8A_g_kp20U/rt=h/d=1/rs=AHGWq9CcYnkIxVeeMRcVhXaI7V_8FR2FlQ",34
"/_/scs/mail-static/_/js/k=gmail.main.en.VSE1BHcxoTk.O/m=m_i,t,it/am=OovXAjD_7_3BuJYBQFb6SIX573--uVR-2OUe_78PiCKvAv9v9v8A_g_2pi0U/rt=h/d=1/rs=AHGWq9COibJiYfl13XfMCrWbabIWiZqrcw",35
"/_/scs/mail-static/_/js/k=gmail.main.en.VSE1BHcxoTk.O/m=m_i,t/am=OotXDrD_7_3BuIZhQFf6at3573--t1R-6Oce_58IiCKvAv1v9v8A_g_0p20U/rt=h/d=1/rs=AHGWq9DwIIHfMKEIkfzc6g3Q1CqHiaTbmA",36
"/_/scs/mail-static/_/js/k=gmail.main.en.yASPeSEQ5YQ.O/m=m_i,t,it/am=OotXDrD_7_3BuIZhQFf6at3573--vdR-6Oce_58MiCKvAv1v9v8g_g_0p20U/rt=h/d=1/rs=AHGWq9DaFJKL46M3S_ik8o8ZOlXeAiF4Gg",37
"/_/scs/mail-static/_/js/k=gmail.main.en.yASPeSEQ5YQ.O/m=m_i,t/am=OotXDjD_7_3BuIZhQFf6at3573--_VR-6Oce_p8MiCKvgP1v9v8A_g_k520U/rt=h/d=1/rs=AHGWq9CWpH-gfDX9eLTS3geWiJHbHTvPRA",38
"/_/scs/mail-static/_/js/k=gmail.main.en.yASPeSEQ5YQ.O/m=m_i,t/am=OotXDrD_7_3BuIZhQFf6at3573--_VR26Oce_58IiCKvAv3___8A_w_ko20U/rt=h/d=1/rs=AHGWq9DZAa74rKvcihAYhdWoJ70MBwYmVA",39
"/_/scs/mail-static/_/js/k=gmail.main.en.yASPeSEQ5YQ.O/m=m_i,t/am=OqsXEvD_7_3BuIZRQEb6QoX573---dR-ygFe_p-IjyOrAP5v9v8gfg_01i1W/rt=h/d=1/rs=AHGWq9BFy53zyO8RkKJp43GfqDygEe6q1w",40
"/_/scs/mail-static/_/js/k=gmail.main.en.Z6b2Pu3sOG0.O/m=m_i,t,it/am=OotXDjD_7_3BuIZhQFf6at3573m-t1R-6Oce_58IiCKvAv1v9v8A_g_kp20U/rt=h/d=1/rs=AHGWq9DI2bqQ7eBByOdsF8TOdzDShicMOQ",41
"/_/scs/mail-static/_/js/k=gmail.main.en.Z6b2Pu3sOG0.O/m=m_i,t,it/am=OqtXDrD_7_3BuIZhQFf6at3573m-vVR26Oce_58MiCKvAv1v9v8A_g_0p20U/rt=h/d=1/rs=AHGWq9DMaxwxGuRJbVA-z4ProAUYKX2PeA",42
"/_/scs/mail-static/_/js/k=gmail.main.en.Z6b2Pu3sOG0.O/m=m_i,t/am=OotHAjD_7_3BuIZRQFb6QoX573m--VQ-yAUe_58MiCKrAv5v9v8A_g_0pi0U/rt=h/d=1/rs=AHGWq9CGA2FImWtm9XB_VOIHunG2pwrqtQ",43
"/_/scs/mail-static/_/js/k=gmail.main.en.zWVrk5b8J64.O/m=m_i,t,it/am=OotXDjD_7_3BuIZhQFf6at153_98e6ns0M89_j8REIW8CvS_2f8D-D_Qn7ZR/rt=h/d=1/rs=AHGWq9BwQ-K_GnHS8tOM0ynIjHJmeI-_UQ",44
"/_/scs/mail-static/_/js/k=gmail.main.en.zWVrk5b8J64.O/m=m_i,t/am=OotHDjD_7_3BuIZhQFf6at153_N8e6n80M89_j8ZEIW8-vS_2f8D-D-Qn7ZR/rt=h/d=1/rs=AHGWq9BMJweydE6rY9txALYIKpA99hcXyw",45
"/_/scs/mail-static/_/js/k=gmail.main.en.zWVrk5b8J64.O/m=m_i,t/am=OqtHDjD_7_3BuIZhQFf6at153_98e6n_0M89_j8REIW8CvS_2f8D-D-Qn7ZR/rt=h/d=1/rs=AHGWq9BaEhZaDWS6B-3Obo-S1_FyEeqk6A",46
"/_/scs/mail-static/_/js/k=gmail.main.en_GB.M4uGaVCZ8dg.O/m=m_i,t/am=OosHBMD8v-8PxjGMAjLSByrM-57nm0v9gxzAw78TAVHIKqD7m_0_gP8DvWkLBQ/rt=h/d=1/rs=AHGWq9DNWgLNwPGIhmNtK3wMfG87qgHvuw",47
"/_/scs/mail-static/_/js/k=gmail.main.fr.qbMRg9Q9Xlk.O/m=m_i,pdt,t,it/am=yOKAA8j_-_4gjgwAulJnKsy-f775VDr2ufe_9weIQj4D_2_2_wD_x97UQgE/rt=h/d=1/rs=AHGWq9AsJX-8rFbaiKXyqOpRNtlCN_NhSA",48
"/_/scs/mail-static/_/js/k=gmail.main.zh_TW.GBs7FZg8D8k.O/m=m_i,t,it/am=OotfDjD_7_3BuIZhQFf6at153_d8-6n90M89_D8ZEIW8AvS_2f-D-D_QX7dR/rt=h/d=1/rs=AHGWq9AQ9O3AGVaV_915SZjRkRtdN-NwbQ",49
"/~kristiyan/2082_pure_mix/index.html",50
"/02BvQNNV8S",51
"/0x50/items/208dcb46005533a9d889",52
"/0xpEZvuoUz",53
"/19JPpPMW0p",54
"/2015/03/11/google-merch-store-new-url/",55
"/2015/06/08/the-googleplex-really-is-one-of-the-most-fun-places-to-work/",56
"/2015/12/03/9to5google-gift-guide-android-fanboys/",57
"/2610273/projects/12161610/todos/250267685",58
"/2jOketZr1r",59
"/3HFkTPo8YI",60
"/3LQzqD40xj",61
"/3oIBwdLr5K",62
"/3s5wmZUF1D",63
"/3y6VruMRCz",64
"/4hthkXzOuE",65
"/4UHQQd1nd2",66
"/524723/161a7f5409/1651089867/6e837e43eb/",67
"/72le5JvxTO",68
"/7KS863JwBM",69
"/a-mysterious-pair-of-google-headphones-have-shown-up-in-fcc-filings/articleshow/58386374.cms",70
"/a/buffaloseminary.org/2014-15-digital-literacy/module-10",71
"/a/buffaloseminary.org/2014-15-digital-literacy/new-module-4---google",72
"/a/buffaloseminary.org/2015-summer-orientation/google",73
"/a/enterprisetraining.org/forum/",74
"/a/google.com/aa-noogler/getting-started/training-schedule",75
"/a/google.com/analyticsdemo/",76
"/a/google.com/analyticsdemo/home",77
"/a/google.com/another-attempt-google-merchandise-store/home/on-site-store",78
"/a/google.com/another-attempt-google-merchandise-store/mountain-view-on-site-merchandise-store",79
"/a/google.com/backupgmerch/home/on-site-store",80
"/a/google.com/biking-in-wa/",81
"/a/google.com/deepmindfull-time/swag",82
"/a/google.com/document/d/1PC6ZZjvBxmAod0TkV-7ZPA7JFcS-OseDYDQyT3BDbx0/pub",83
"/a/google.com/et-hub/account-management",84
"/a/google.com/forum/",85
"/a/google.com/forum/m/",86
"/a/google.com/google-merchandise-store/home/on-site-store",87
"/a/google.com/google-merchandise-store/mountain-view-on-site-merchandise-store",88
"/a/google.com/google-merchandise-store/newsite/on-site-store",89
"/a/google.com/google-merchandise-store/newsite/on-site-store/mountain-view-store",90
"/a/google.com/google-merchandise-store/on-site-store",91
"/a/google.com/google-merchandise-store/on-site-store/mountain-view-store",92
"/a/google.com/googletopia/discounts-deals-and-free-stuff/alphabet-google-discounts",93
"/a/google.com/nest-vision/dropcam-field-tester-program",94
"/a/google.com/nestlabs/",95
"/a/google.com/nestlabs/-nestlife",96
"/a/google.com/nestlabs/-nestlife/lunch-and-learns",97
"/a/google.com/nestlabs/-nestlife/movember",98
"/a/google.com/nestlabs/-nestlife/nest-clubs",99
"/a/google.com/nestlabs/-nestlife/nest-clubs/nest-wilderness-association",100
"/a/google.com/nestlabs/-nestlife/nest-ergs",101
"/a/google.com/nestlabs/-nestlife/nest-holiday-party",102
"/a/google.com/nestlabs/-nestlife/nestgives",103
"/a/google.com/nestlabs/-nestlife/wellness-week",104
"/a/google.com/nestlabs/development",105
"/a/google.com/nestlabs/development/leveling-attributes",106
"/a/google.com/nestlabs/development/nest-mentor-programs/mentee",107
"/a/google.com/nestlabs/employee-purchase-program",108
"/a/google.com/nestlabs/facilities",109
"/a/google.com/nestlabs/facilities/building-maps",110
"/a/google.com/nestlabs/facilities/fitness",111
"/a/google.com/nestlabs/facilities/food",112
"/a/google.com/nestlabs/facilities/on-site-amenities",113
"/a/google.com/nestlabs/facilities/rews-team",114
"/a/google.com/nestlabs/facilities/security/cybersecurity",115
"/a/google.com/nestlabs/facilities/shuttles-parking",116
"/a/google.com/nestlabs/home/announcements",117
"/a/google.com/nestlabs/home/announcements/nestproductteamishiring",118
"/a/google.com/nestlabs/home/communication-guidelines",119
"/a/google.com/nestlabs/home/employee-purchase-program",120
"/a/google.com/nestlabs/home/nest-techstop",121
"/a/google.com/nestlabs/home/participate",122
"/a/google.com/nestlabs/home/policies",123
"/a/google.com/nestlabs/home/policies/working-with-tvcs-at-nest",124
"/a/google.com/nestlabs/home/product-testing/field-trials",125
"/a/google.com/nestlabs/home/the-nest-egg",126
"/a/google.com/nestlabs/locations/london",127
"/a/google.com/nestlabs/locations/taipei",128
"/a/google.com/nestlabs/nestling/nestling",129
"/a/google.com/nestlabs/onboarding/fte",130
"/a/google.com/nestlabs/onboarding/new-employee-announcements",131
"/a/google.com/nestlabs/onboarding/newnesterinfo",132
"/a/google.com/nestlabs/onboarding/tvc",133
"/a/google.com/nestlabs/our-team/business",134
"/a/google.com/nestlabs/our-team/engineering",135
"/a/google.com/nestlabs/our-team/marketing/creative-design",136
"/a/google.com/nestlabs/our-team/operations/finance",137
"/a/google.com/nestlabs/our-team/product-marketing",138
"/a/google.com/nestlabs/the-nest-pulse",139
"/a/google.com/nto-market-management-site/market-documetation/austin-tx/gee-wiz-links",140
"/a/google.com/participantrecruiting/incentives/internal-incentives",141
"/a/google.com/ritn/Home/june-2016/meetthenewandimprovedgooglemerchandisestore",142
"/a/google.com/transportation/mtv-services/bikes/bike2work",143
"/a/google.com/transportation/mtv-services/bikes/bike2work2017q2",144
"/a/google.com/transportation/mtv-services/bikes/bike2workmay2016",145
"/a/read/1389996808",146
"/a/read/1806040074",147
"/A7IUErkDTO",148
"/access/content/attachment/e1009337-1700-4222-85f0-4b1839592881/Assignments/7d270fb1-38cc-4a63-bf8b-78f50ef2fb13/Week%203%20Home%20Work%20Assignment.pdf",149
"/access/lessonbuilder/item/22938538/group/5f484639-0491-4346-ba48-eb5553390db7/Lessons/C2L5%20-%20Setting%20up%20Conversions,%20Events,%20and%20Goal%20Tracking%207.25.pdf",150
"/aclk",151
"/admin/",152
"/ads/preferences/whythisad/en-US/Gbc2IQqM9Vt5LmmF/",153
"/ads/richmedia/studio/pv2/45529016/20160920115542450/index.html",154
"/ads/richmedia/studio/pv2/45529016/dirty/index.html",155
"/ads/richmedia/studio/pv2/45534587/dirty/index.html",156
"/ads/richmedia/studio/pv2/45552386/dirty/index.html",157
"/ads/richmedia/studio/pv2/45555659/dirty/index.html",158
"/ads/richmedia/studio/pv2/45589029/20160922141342673/index.html",159
"/ads/richmedia/studio/pv2/45589029/dirty/index.html",160
"/ads/richmedia/studio/pv2/45589035/dirty/index.html",161
"/ads/richmedia/studio/pv2/45637168/dirty/index.html",162
"/ads/richmedia/studio/pv2/45637179/dirty/index.html",163
"/ads/richmedia/studio/pv2/45639268/dirty/index.html",164
"/ads/richmedia/studio/pv2/45639294/dirty/index.html",165
"/ads/richmedia/studio/pv2/45643821/dirty/index.html",166
"/ads/richmedia/studio/pv2/45645986/dirty/index.html",167
"/ads/richmedia/studio/pv2/45646169/dirty/index.html",168
"/ads/richmedia/studio/pv2/45678499/dirty/index.html",169
"/ads/richmedia/studio/pv2/45678657/dirty/index.html",170
"/ads/richmedia/studio/pv2/45678668/dirty/index.html",171
"/ads/richmedia/studio/pv2/45678672/dirty/index.html",172
"/ads/richmedia/studio/pv2/45679610/dirty/index.html",173
"/ads/richmedia/studio/pv2/45680226/dirty/index.html",174
"/ads/richmedia/studio/pv2/45680872/dirty/index.html",175
"/ads/richmedia/studio/pv2/45759691/20160930132305425/index.html",176
"/ads/richmedia/studio/pv2/45759691/dirty/index.html",177
"/ads/richmedia/studio/pv2/45759699/dirty/index.html",178
"/ads/richmedia/studio/pv2/45761537/dirty/index.html",179
"/ads/richmedia/studio/pv2/45761565/dirty/index.html",180
"/ads/richmedia/studio/pv2/45761570/dirty/index.html",181
"/ads/richmedia/studio/pv2/45785278/dirty/index.html",182
"/ads/richmedia/studio/pv2/45828977/dirty/index.html",183
"/ads/richmedia/studio/pv2/45828996/dirty/index.html",184
"/ads/richmedia/studio/pv2/45832009/dirty/index.html",185
"/ads/richmedia/studio/pv2/45832019/dirty/index.html",186
"/ads/richmedia/studio/pv2/45832051/dirty/index.html",187
"/ads/richmedia/studio/pv2/45833244/dirty/index.html",188
"/ads/richmedia/studio/pv2/45835718/dirty/index.html",189
"/ads/richmedia/studio/pv2/45836230/dirty/index.html",190
"/ads/richmedia/studio/pv2/45895651/dirty/index.html",191
"/ads/richmedia/studio/pv2/45898997/dirty/index.html",192
"/ads/richmedia/studio/pv2/45904807/dirty/index.html",193
"/ads/richmedia/studio/pv2/45923416/dirty/index.html",194
"/ads/richmedia/studio/pv2/45926885/dirty/index.html",195
"/ads/richmedia/studio/pv2/45926887/dirty/index.html",196
"/ads/richmedia/studio/pv2/45930211/dirty/index.html",197
"/ads/richmedia/studio/pv2/45930215/dirty/index.html",198
"/ads/richmedia/studio/pv2/45930389/dirty/index.html",199
"/ads/richmedia/studio/pv2/45931147/dirty/index.html",200
"/ads/richmedia/studio/pv2/45931165/dirty/index.html",201
"/ads/richmedia/studio/pv2/45946907/dirty/index.html",202
"/ads/richmedia/studio/pv2/45946952/20161012101715838/index.html",203
"/ads/richmedia/studio/pv2/46024891/dirty/index.html",204
"/ads/richmedia/studio/pv2/46063595/20161018152702097/index.html",205
"/ads/richmedia/studio/pv2/46065710/20161018151754661/index.html",206
"/ads/richmedia/studio/pv2/46065914/20161018162520910/index.html",207
"/ads/richmedia/studio/pv2/46249091/dirty/index.html",208
"/ads/richmedia/studio/pv2/46277508/dirty/index.html",209
"/ads/richmedia/studio/pv2/46277637/20161028152733328/index.html",210
"/ads/richmedia/studio/pv2/46277637/dirty/index.html",211
"/ads/richmedia/studio/pv2/46277700/dirty/index.html",212
"/ads/richmedia/studio/pv2/46337864/20161102083329730/index.html",213
"/ads/richmedia/studio/pv2/46337864/dirty/index.html",214
"/ads/richmedia/studio/pv2/46423815/dirty/index.html",215
"/ads/richmedia/studio/pv2/46548137/dirty/index.html",216
"/ads/richmedia/studio/pv2/46877600/dirty/index.html",217
"/ads/richmedia/studio/pv2/46891441/20161206121602338/index.html",218
"/ads/richmedia/studio/pv2/46912684/20161207153954738/index.html",219
"/ads/richmedia/studio/pv2/46914347/20161207152650066/index.html",220
"/ads/richmedia/studio/pv2/46931752/dirty/index.html",221
"/ads/richmedia/studio/pv2/47363999/20170127083937788/index.html",222
"/ads/richmedia/studio/pv2/47369756/20170126162720541/index.html",223
"/ads/richmedia/studio/pv2/47369756/20170126162811983/index.html",224
"/ads/richmedia/studio/pv2/47369778/20170126222337636/index.html",225
"/ads/richmedia/studio/pv2/47369778/20170126222357887/index.html",226
"/ads/richmedia/studio/pv2/47475561/20170210110646716/index.html",227
"/ads/richmedia/studio/pv2/47509701/20170214145638974/index.html",228
"/ads/richmedia/studio/pv2/47510516/20170215150413995/index.html",229
"/ads/richmedia/studio/pv2/47510600/20170214164523408/index.html",230
"/ads/richmedia/studio/pv2/47513302/20170216112251907/index.html",231
"/ads/richmedia/studio/pv2/47518400/20170221085623134/index.html",232
"/ads/richmedia/studio/pv2/47522442/20170222085849239/index.html",233
"/ads/richmedia/studio/pv2/47522450/20170222140525823/index.html",234
"/ads/richmedia/studio/pv2/47540308/20170228152609756/index.html",235
"/ads/richmedia/studio/pv2/47540312/20170228154440116/index.html",236
"/ads/richmedia/studio/pv2/47540312/20170228154453360/index.html",237
"/ads/richmedia/studio/pv2/47540409/20170301113924991/index.html",238
"/ads/richmedia/studio/pv2/47540409/20170301113940661/index.html",239
"/ads/richmedia/studio/pv2/47540503/20170228160422287/index.html",240
"/ads/richmedia/studio/pv2/47540503/20170228160511196/index.html",241
"/ads/richmedia/studio/pv2/47542710/20170301131603557/index.html",242
"/ads/richmedia/studio/pv2/60105163/20170309144051164/index.html",243
"/ads/richmedia/studio/pv2/60130839/20170327125418845/index.html",244
"/ads/richmedia/studio/pv2/60130879/20170328132913511/index.html",245
"/ads/richmedia/studio/pv2/60131022/20170327142959851/index.html",246
"/ads/richmedia/studio/pv2/60143059/20170405153153640/index.html",247
"/ads/richmedia/studio/pv2/60155576/20170411164633186/index.html",248
"/ads/richmedia/studio/pv2/60165958/20170421125434867/index.html",249
"/ads/richmedia/studio/pv2/60165964/20170421130425042/index.html",250
"/ads/richmedia/studio/pv2/60166003/20170421133738364/index.html",251
"/ads/richmedia/studio/pv2/60171727/20170426145321709/index.html",252
"/ads/richmedia/studio/pv2/60171727/dirty/index.html",253
"/ads/richmedia/studio/pv2/60174258/20170425154513959/index.html",254
"/ads/richmedia/studio/pv2/60176100/20170426085202262/index.html",255
"/ads/richmedia/studio/pv2/60176152/20170501104500869/index.html",256
"/ads/richmedia/studio/pv2/60179135/20170427123941317/index.html",257
"/ads/richmedia/studio/pv2/60182066/20170501103141997/index.html",258
"/ads/richmedia/studio/pv2/60182135/20170501102437230/index.html",259
"/ads/richmedia/studio/pv2/60186387/20170503145205964/index.html",260
"/ads/richmedia/studio/pv2/60219295/20170601112307638/index.html",261
"/ads/richmedia/studio/pv2/60219295/dirty/index.html",262
"/ads/richmedia/studio/pv2/60219544/20170601132132292/index.html",263
"/ads/richmedia/studio/pv2/60225849/20170601151625260/index.html",264
"/ads/richmedia/studio/pv2/60238063/20170615095315611/index.html",265
"/ads/richmedia/studio/pv2/60273899/dirty/index.html",266
"/AFabwkOSNa",267
"/afs/ads/i/iframe.html",268
"/aiXGNKqfqT",269
"/aL3QD8GHC0",270
"/AlGoy7m4DT",271
"/analytics/answer/6164470",272
"/analytics/web/",273
"/analytics/web/importing/",274
"/analytics/web/inpage_launch",275
"/android/devicemanager",276
"/ap/signin",277
"/APfyhRAkfL",278
"/app/basic/up",279
"/appserve/mkt/proof/p/3ABrzoeAp7e816OQHoFMX_EY1m6HsVV9bMNDUPxxBGp_ct8Na8_xc5yNbcMMrvlTceXTDM_58GpSL7eUO6ZGEQEX7QEqoQlt96df9XcbDg==",280
"/appserve/mkt/proof/p/3FvOY2dej1elxyrj_1sAUAI5oHBDCBDKS-QkMBNfZ3JDOe4f4Tsp8F5qpFUZ-qGPrbfu-8jWiNIKmAoRMLrL8NwzRXSv",281
"/appserve/mkt/proof/p/furnJe1SPzhc6YVNcjwHBzNj6PGL6rqrElvrxhSWW5vSN4sHBfd1nE1s0FA4xOA7pwC6ldAKOKWa5VSaD3YSR8A30eFH",282
"/article/3008226/holiday/computerworlds-holiday-gift-guide-2015-stocking-stuffers-for-35-or-less.html",283
"/articles/CAIiEAl4MYz3NiYFy1R4MVXnuLQqLQgEKiUIACIbd3d3LmJ1c2luZXNzaW5zaWRlci5jb20vc2FpKgQICjAMMJD-CQ.html",284
"/attachment/u/0/",285
"/av5pRBxkHv",286
"/AVsZ0feZuA",287
"/aw/ads",288
"/aw/ads/edit/display",289
"/away.php",290
"/axDlhy4117",291
"/b/entry/xTqwHYk7BMdsUeAdykR6jXFYqFXRoEWRd6QBCWqc3AE=_1591cf6f228:31a1996:e9cc4246",292
"/BB1QfReObs",293
"/bbcswebdav/pid-3910546-dt-content-rid-24889784_2/courses/1172EBTM431101/Google%20Analytics%20Demo%20Site%20Exercise.pdf",294
"/BdsFHRVkiw",295
"/blog/2016/08/03/google-analytics-demo-account/",296
"/BNRXVnfS6u",297
"/bookmarks/lookup",298
"/Bp1v7iLpTF",299
"/c/u/0/",300
"/C1HS0hIP0E",301
"/calendar/r/week/2017/7/8",302
"/calendar/render",303
"/CcxArxJCrv",304
"/chrome/forum/AAAAP1KN0B0itZHrgKJKjU/",305
"/CHZY7Viw1a",306
"/cL3V1uLNaa",307
"/class_sections/14064/modules/9450/activities/99087",308
"/class_sections/21425/modules/15631/activities/139557",309
"/class_sections/29617/assignments/1588723",310
"/class_sections/29619/assignments/1604433",311
"/class_sections/5923/modules/3303/activities/42871",312
"/class_sections/88395/assignments/1673701",313
"/class_sections/88396/assignments/1730911",314
"/class_sections/88397/assignments/1796406",315
"/Client.html",316
"/cm/CampaignMgmt",317
"/communities/114733456449017392132",318
"/community/partners/local-sites/japanese/apps/marketing/google-store",319
"/community/partners/local-sites/japanese/gsuite/marketing/google-store",320
"/community/partners/local-sites/spanish/gsuite/marketing/tienda-de-google-para-partners",321
"/content.py/my",322
"/Content/Email/AdvEdit.aspx",323
"/Content/Email/ApplyEmailTemplate.aspx",324
"/content/enforced/168127-110978-01-2167-B-001/class06-more-ga.html",325
"/content/enforced/190758-204694-01-2171-B-001/class05-GA.html",326
"/corp/google.com/ap-fixit-q3-2016/prizes",327
"/corp/google.com/deepmind6ps/perks-activities/swag",328
"/corp/google.com/gatevents/basics",329
"/corp/google.com/google-merchandise-store/faqs",330
"/corp/google.com/ssgmarketing/run-your-event/creative-assets",331
"/corp/google.com/study/incentives/incentives-amounts",332
"/corp/google.com/study/incentives/incentives-requirements",333
"/corp/google.com/study/incentives/working-with-perks",334
"/cr",335
"/CreativeReviewClient.html",336
"/CudkVdIGqC",337
"/d/folders/1/messages/AHvNwgoAA2JjWPmbwg3PKPFVtIg",338
"/d/help",339
"/d81jE8S5r2",340
"/da/b/dabAdPreview",341
"/da/b/preview",342
"/da/test/harness",343
"/ddm/bidmanager/",344
"/ddm/dbm/",345
"/deal/-ds-1655-youtube-player-tshirt-unisex-vs-1780-list",346
"/deal/-ds-sign-up-for-google-merchandise-store-emails-for-special-coup-c179",347
"/debug/snapchat-beach-towel/",348
"/dfa/trafficking/",349
"/do/asearch",350
"/do/dsearch",351
"/do/metasearch.pl",352
"/do/search",353
"/document/d/1_lksDKp58ehfDuCMpQ-NH0IPEWe1KgF3sFC2Tky4tEs/edit",354
"/document/d/1_U0SrqFdOmykhZ1MdWyGEInX5ERDTQrg0171OSIqaWU/edit",355
"/document/d/10s8J8C00_5DuUR1NFsR9jpUzR2uihBVg8Wv5rRY9AfQ/edit",356
"/document/d/10s8J8C00_5DuUR1NFsR9jpUzR2uihBVg8Wv5rRY9AfQ/preview",357
"/document/d/12v5fGjVElCfT1e-NvHfTAloJWKB1Rt0DIVNs2ex9MUs/edit",358
"/document/d/17KXDMe2ubSVcR9v5cxrQ1QyhjfZdFA93BhYumkcu6AU/edit",359
"/document/d/1BHTRqeD1IqXUa4wAgtn5FSXYAkKtKyBcSC74BlKmeuU/edit",360
"/document/d/1CwD2-vuh_qjXe1eo-m5KoNIQUwkhO65RvPdeXhdpcgc/edit",361
"/document/d/1Esl8vF9A8s84CbxK6y_y8jLzsUE_jORsZQ1ic68QAHE/edit",362
"/document/d/1GSpeJSCBhxRNya7kiUbBKO3rR20jBBBF3H9oBMrWVsA/preview",363
"/document/d/1ka-e_PjyxdPx0S71T-1whLBpj0VIn8l880SeDV39tvs/edit",364
"/document/d/1LgGAo5BMlT0LgcKbyXvJmpLZKUjbXSFZDcNYoXV4vNM/edit",365
"/document/d/1PC6ZZjvBxmAod0TkV-7ZPA7JFcS-OseDYDQyT3BDbx0/edit",366
"/document/d/1PC6ZZjvBxmAod0TkV-7ZPA7JFcS-OseDYDQyT3BDbx0/preview",367
"/document/d/1rjl6DOxelwZhCc5JkbJKbnjBhAgDgNTZ-b0T3SxRrvU/edit",368
"/document/d/1S7QylvGNfbo8TUVsex-JbyD_1UZHfLMXik4NAcqPV5M/edit",369
"/document/d/1uEEF8_pyeHa25x1iHD1Di9j8MU3lxEjHChrBXGvgCao/edit",370
"/document/d/1uELQ97D_yoYkVD_C7Jqc2i1R2gQfn9H0KjfVbu3m-kU/edit",371
"/document/d/1vMAmiSgq9HXt_Ihxr0LAzJ-vrOeOq5Lvo46tXckLoAE/edit",372
"/document/d/1VsknaBnMx6Qw4NgVvSeweHCApzvZ5mssoNdRapEnwT0/edit",373
"/document/d/1X1A4sKXMZSKLr3OByBqtewvc6Y3lIEqPfWtBXv3u5Wo/edit",374
"/Does-Google%E2%80%99s-merchandise-store-sell-a-colored-Google-backpack",375
"/DprMEBqrT2",376
"/dsf5Tnmm1T",377
"/E0XAGJjpEg",378
"/E19OujrPza",379
"/e2DLDdI7Qz",380
"/e2o6NQ5C6E",381
"/edit/150409693057",382
"/EfaJKd8gXt",383
"/EfBIEnVSTj",384
"/ElzHFmSLl8",385
"/empstore/login.asp",386
"/en/",387
"/EQsmUQOCA3",388
"/es8M7hd3qa",389
"/evaluation/endor/mturk",390
"/eVZuBV7pYn",391
"/eXPDPnhktZ",392
"/external-link.jspa",393
"/F1NiAYlb96",394
"/fast-cgi/tsc",395
"/feed",396
"/feedback/2016/3/about/dee/by/dee/SELF",397
"/feedback/2017/1/about/cucchiaro/by/cucchiaro/SELF",398
"/FG0oftTBYt",399
"/find",400
"/flx/warn/",401
"/FMOMesSKJm",402
"/forum/",403
"/forum/embed/",404
"/forum/m/",405
"/FqgQ4Y4u2F",406
"/Fr82tEN0Gr",407
"/Frio86tqvs",408
"/from=0/bd_page_type=1/ssid=0/uid=0/baiduid=0744397C98EE0691491DA8AED69A3D7C/w=0_10_/t=zbios/l=3/tc",409
"/from=0/bd_page_type=1/ssid=0/uid=0/pu=usm%402%2Csz%40320_1001%2Cta%40iphone_2_6.0_3_537/baiduid=188B613C9AE2B02E2FCA141428006590/w=0_10_/t=iphone/l=3/tc",410
"/from=1000539d/bd_page_type=1/ssid=0/uid=0/pu=usm%401%2Csz%401320_2001%2Cta%40iphone_1_10.2_3_602/baiduid=810F545C7BEBA4D04901851EB8A482F9/w=0_10_/t=iphone/l=3/tc",411
"/from=1000541v/bd_page_type=1/ssid=0/uid=0/pu=usm%401%2Csz%40320_1001%2Cta%40iphone_2_5.1_3_/baiduid=BD78D77BD1399A554CA37FEDA641D72B/w=0_10_/t=iphone/l=3/tc",412
"/from=1000545p/bd_page_type=1/ssid=0/uid=0/pu=usm%404%2Csz%40320_1001%2Cta%40iphone_2_6.0_3_537/baiduid=12BCFF3340CAADD6C8CDF846A9262AD6/w=0_10_/t=iphone/l=3/tc",413
"/from=1000953b/bd_page_type=1/ssid=0/uid=0/pu=sz%40320_1002%2Cta%40iphone_2_6.0_2_6.0%2Cusm%400/baiduid=EF2807A786C17E6F6E61E26C8B003774/w=0_10_/t=iphone/l=3/tc",414
"/from=1000953b/bd_page_type=1/ssid=e974cfc4c4bfd2a7cec3d5ca5d72/uid=0/pu=usm%402%2Csz%40320_1002%2Cta%40iphone_2_5.0_2_7.0/baiduid=0D053FB1DF3AEE0E0B915D3506D73DB1/w=0_10_/t=iphone/l=3/tc",415
"/from=1000953c/bd_page_type=1/ssid=0/uid=0/pu=usm%400%2Csz%40320_1002%2Cta%40iphone_2_6.0_2_6.0/baiduid=B943C196B89BBAA6ABB904E4A41D612D/w=0_10_/t=iphone/l=3/tc",416
"/from=1000953c/bd_page_type=1/ssid=0/uid=0/pu=usm%402%2Csz%40320_1002%2Cta%40iphone_2_5.1_2_6.0/baiduid=521492FB20EA9C605B3253132812A988/w=0_10_/t=iphone/l=3/tc",417
"/from=1000953c/bd_page_type=1/ssid=0/uid=0/pu=usm%402%2Csz%40320_1002%2Cta%40iphone_2_6.0_2_6.0/baiduid=43570943295E2781ED286D39FD8FE449/w=0_10_/t=iphone/l=3/tc",418
"/from=1000953c/bd_page_type=1/ssid=0/uid=0/pu=usm%402%2Csz%40320_1002%2Cta%40iphone_2_6.0_2_6.0/baiduid=C8BA95E58082F18B9B964991BCA142EF/w=0_10_/t=iphone/l=3/tc",419
"/from=1000953c/bd_page_type=1/ssid=0/uid=0/pu=usm%403%2Csz%40320_1001%2Cta%40iphone_2_5.1_3_537/baiduid=D032948442CF175098F8C4859DB200AF/w=0_10_/t=iphone/l=3/tc",420
"/from=1000953f/bd_page_type=1/ssid=0/uid=0/pu=usm%401%2Csz%40320_1002%2Cta%40iphone_2_6.0_2_7.1/baiduid=C2379C40169AFFB6FA643947FF806973/w=0_10_/t=iphone/l=3/tc",421
"/from=1000953f/bd_page_type=1/ssid=0/uid=0/pu=usm%402%2Csz%40320_1002%2Cta%40iphone_2_7.0_2_7.3/baiduid=81601906EC18465C93C3754669C3B67D/w=0_10_/t=iphone/l=3/tc",422
"/from=1000969a/bd_page_type=1/ssid=0/uid=0/pu=usm%400%2Csz%401321_1004%2Cta%40utouch_2_4.0__/baiduid=177981E14D7107145CFA6E5C7D2EC759/w=0_10_Google+store/t=wap/l=3/tc",423
"/from=1000969a/bd_page_type=1/ssid=0/uid=0/pu=usm%400%2Csz%401321_1004%2Cta%40utouch_2_4.3__/baiduid=627469E5DFBF87EBD2C08C2B0BDCED01/w=0_10_%E8%B0%B7%E6%AD%8C%E5%95%86%E5%BA%97%E8%8B%B1%E6%96%87%E5%AE%98%E7%BD%91/t=wap/l=3/tc",424
"/from=1000969a/bd_page_type=1/ssid=0/uid=0/pu=usm%400%2Csz%401321_1004%2Cta%40utouch_2_4.4__/baiduid=FB64491C1DA44B0BCD04A59245218CB4/w=0_10_gooleshop/t=wap/l=3/tc",425
"/from=1000969a/bd_page_type=1/ssid=0/uid=0/pu=usm%400%2Csz%401321_1004%2Cta%40utouch_2_5.1__/baiduid=FC14859A8C031B1D653CCF58E5EAEF4C/w=0_10_google%E5%95%86%E5%BA%97%E7%BD%91%E7%AB%99/t=wap/l=3/tc",426
"/from=1001163f/bd_page_type=1/ssid=0/uid=0/pu=usm%400%2Csz%401320_1001%2Cta%40iphone_2_4.4_3_/baiduid=A7B1E2FCF7CB2B62C381DA800E256EFE/w=0_10_/t=iphone/l=3/tc",427
"/from=1001190c/bd_page_type=1/ssid=0/uid=0/baiduid=15859F362BDF89585D5E4AEE693CF334/w=0_10_/t=zbios/l=3/tc",428
"/from=1001192j/bd_page_type=1/ssid=0/uid=0/pu=usm%403%2Csz%40320_1001%2Cta%40iphone_2_5.1_3_537/baiduid=AE7CCD18D66F86E7152AF1468416CE96/w=0_10_/t=iphone/l=3/tc",429
"/from=1001192j/bd_page_type=1/ssid=0/uid=0/pu=usm%403%2Csz%40320_1001%2Cta%40iphone_2_5.1_3_537/baiduid=D2994DE2B964D8F0383A3133F119E424/w=0_10_/t=iphone/l=3/tc",430
"/from=1001192k/bd_page_type=1/ssid=0/uid=0/pu=usm%403%2Csz%401320_1001%2Cta%40iphone_2_4.4_3_537/baiduid=52E6537F77618BF99A6A7DF6CDB7ED0B/w=0_10_/t=iphone/l=3/tc",431
"/from=1001703a/bd_page_type=1/ssid=0/uid=0/pu=usm%401%2Csz%40320_1001%2Cta%40iphone_2_5.1_3_537/baiduid=EF94E98F8061370E35F5CD253D142CDE/w=0_10_/t=iphone/l=3/tc",432
"/from=1001703y/bd_page_type=1/ssid=0/uid=0/pu=usm%401%2Csz%40320_1001%2Cta%40iphone_2_5.1_3_537/baiduid=60EC4CA283E274C7A40A50E7C65BF36A/w=0_10_/t=iphone/l=3/tc",433
"/from=1001703y/bd_page_type=1/ssid=d5eed3d0b5c4c8cbcedec3fb9b84/uid=0/pu=usm%401%2Csz%40320_1001%2Cta%40iphone_2_5.1_18_4.3/baiduid=937078C3B24344B1212D30609A963238/w=0_10_/t=iphone/l=3/tc",434
"/from=1002253r/bd_page_type=1/ssid=0/uid=0/pu=usm%402%2Csz%401320_1004%2Cta%40iphone_2_5.1_11_2.4/baiduid=D8759330CE70FADA14F34F581C517BD9/w=0_10_/t=iphone/l=3/tc",435
"/from=1002307b/bd_page_type=1/ssid=0/uid=0/pu=usm%401%2Csz%40320_1001%2Cta%40iphone_2_6.0_3_537/baiduid=77D15DB39A6DB2D1E1C0FCE6FA72D491/w=0_10_/t=iphone/l=3/tc",436
"/from=1005584k/bd_page_type=1/ssid=0/uid=0/baiduid=798E6765DB692780318E54BD9F3AB70A/w=0_10_/t=zbios/l=3/tc",437
"/from=1011267h/bd_page_type=1/ssid=0/uid=0/pu=usm%400%2Csz%401321_1004%2Cta%40utouch_2_4.2_11_2.1/baiduid=132D94E708BD72F441C0072B979677F4/w=0_10_online+google+play+store/t=wap/l=3/tc",438
"/from=1011440l/bd_page_type=1/ssid=0/uid=0/pu=usm%401%2Csz%40320_1001%2Cta%40iphone_2_6.0_3_537/baiduid=D3AA16BF5F13A2BCD91D836D2557B9B8/w=0_10_/t=iphone/l=3/tc",439
"/from=1011440l/bd_page_type=1/ssid=0/uid=0/pu=usm%402%2Csz%40320_1001%2Cta%40iphone_2_6.0_3_537/baiduid=406E7CF56508E4D735C276249D9E5C67/w=0_10_/t=iphone/l=3/tc",440
"/from=1012852p/bd_page_type=1/ssid=0/uid=0/pu=usm%402%2Csz%401320_1004%2Cta%40iphone_2_6.0_11_8.3/baiduid=23BC3250DC6EEBAD6A9082AD89AE0B36/w=0_10_/t=iphone/l=3/tc",441
"/from=1012852p/bd_page_type=1/ssid=0/uid=0/pu=usm%402%2Csz%401328_1004%2Cta%40pad_2_4.4_11_2.1/baiduid=6DBE0514020B49C4E7F44969536D11AC/w=0_10_/t=pad/l=1/tc",442
"/from=1012852q/bd_page_type=1/ssid=0/uid=0/pu=usm%402%2Csz%40320_1004%2Cta%40iphone_2_5.1_11_8.3/baiduid=97AD66F819D303D72DF83A9D0C8AD7CC/w=0_10_/t=iphone/l=3/tc",443
"/from=1012852q/bd_page_type=1/ssid=0/uid=0/pu=usm%402%2Csz%40320_1004%2Cta%40iphone_2_6.0_11_8.3/baiduid=F872DF9A46C6E37FD19DEFF3146E0C5D/w=0_10_/t=iphone/l=3/tc",444
"/from=1012852q/bd_page_type=1/ssid=0/uid=0/pu=usm%402%2Csz%40320_1004%2Cta%40iphone_2_7.0_11_8.5/baiduid=F5CB2E9FB519D9A7B7C84B4D175781DE/w=0_10_/t=iphone/l=3/tc",445
"/from=1012852q/bd_page_type=1/ssid=0/uid=0/pu=usm%403%2Csz%40320_1004%2Cta%40iphone_2_5.0_11_8.1/baiduid=C5DC31C664A931E0B43D0D3154F87088/w=0_10_/t=iphone/l=3/tc",446
"/from=1012852r/bd_page_type=1/ssid=0/uid=0/pu=usm%401%2Csz%401320_1004%2Cta%40iphone_2_4.4_11_8.1/baiduid=A3F8501134C47202DD5ED1EFFA510BA2/w=0_10_/t=iphone/l=3/tc",447
"/from=1012852r/bd_page_type=1/ssid=0/uid=0/pu=usm%402%2Csz%40320_1004%2Cta%40iphone_2_5.0_11_8.4/baiduid=6B991D1B5CD293C4349CA0D6ED3142AE/w=0_10_/t=iphone/l=3/tc",448
"/from=1012852r/bd_page_type=1/ssid=0/uid=0/pu=usm%403%2Csz%40320_1004%2Cta%40iphone_2_5.0_11_8.3/baiduid=0E85BD73B29801FFE06A70B909153DC7/w=0_10_/t=iphone/l=3/tc",449
"/from=1012852r/bd_page_type=1/ssid=0/uid=0/pu=usm%403%2Csz%40320_1004%2Cta%40iphone_2_5.0_11_8.4/baiduid=B0DBA21D6144F99DE96E392217C2F6C8/w=0_10_/t=iphone/l=3/tc",450
"/from=1012852s/bd_page_type=1/ssid=0/uid=0/pu=usm%401%2Csz%401320_1004%2Cta%40iphone_2_4.4_11_2.0/baiduid=BA67A7D8C51A5AFF105D36FCF194235B/w=0_10_/t=iphone/l=3/tc",451
"/from=1012852y/bd_page_type=1/ssid=0/uid=0/pu=usm%401%2Csz%40320_1004%2Cta%40iphone_2_6.0_11_8.2/baiduid=B5BCA53438B79E9315B4239D58257416/w=0_10_/t=iphone/l=3/tc",452
"/from=1012852z/bd_page_type=1/ssid=317b616c7a653232326629/uid=0/pu=usm%402%2Csz%40320_1004%2Cta%40iphone_2_6.0_11_8.2/baiduid=51F667E3F6AF775F168C59135DA11083/w=0_10_/t=iphone/l=3/tc",453
"/from=1013672b/bd_page_type=1/ssid=0/uid=0/pu=usm%400%2Csz%401328_1004%2Cta%40pad_2_4.4_11_2.1/baiduid=C8D4BA349AC7C582068FE9313AEA53D5/w=0_10_googlestore%E5%AE%98%E7%BD%91/t=pad/l=1/tc",454
"/from=1013672b/bd_page_type=1/ssid=0/uid=0/pu=usm%401%2Csz%401320_1004%2Cta%40iphone_2_5.0_11_8.1/baiduid=0C7476C6E97EADFC5E8B6A41365F4FE0/w=0_10_/t=iphone/l=3/tc",455
"/from=1014636j/bd_page_type=1/ssid=0/uid=0/baiduid=98EBC9A58C03C09768CDF392F83527F4/w=0_10_/t=zbios/l=3/tc",456
"/from=1015097g/bd_page_type=1/ssid=0/uid=0/pu=usm%402%2Csz%40320_1001%2Cta%40iphone_2_6.0_3_537/baiduid=22B8C71DB793B95520E54A2F225A92F8/w=0_10_/t=iphone/l=3/tc",457
"/from=1015785e/bd_page_type=1/ssid=0/uid=0/pu=usm%402%2Csz%401320_2001%2Cta%40iphone_1_9.3_3_601/baiduid=39801B0966F60CD0C5500E77C58B1AE1/w=0_10_google+store/t=iphone/l=3/tc",458
"/from=1015785l/bd_page_type=1/ssid=0/uid=0/pu=usm%403%2Csz%40320_1001%2Cta%40iphone_2_7.0_3_534/baiduid=5B6A6550D3DA79FB4C2DCB84EE057125/w=0_10_/t=iphone/l=3/tc",459
"/from=1017188c/bd_page_type=1/ssid=0/uid=0/pu=usm%400%2Csz%40320_1001%2Cta%40iphone_2_5.1_3_537/baiduid=E0CA0A7FD6C9064042D282172A4F3883/w=0_10_/t=iphone/l=3/tc",460
"/from=1017188c/bd_page_type=1/ssid=0/uid=0/pu=usm%401%2Csz%40320_1001%2Cta%40iphone_2_5.1_3_537/baiduid=2A2E4A297373990E5BCA210C12C37D39/w=0_10_/t=iphone/l=3/tc",461
"/from=1017188c/bd_page_type=1/ssid=0/uid=0/pu=usm%402%2Csz%40320_1001%2Cta%40iphone_2_5.1_3_537/baiduid=B5CD7388444425504FDA66AAE5744290/w=0_10_/t=iphone/l=3/tc",462
"/from=1017200a/bd_page_type=1/ssid=0/uid=0/pu=usm%401%2Csz%401320_1001%2Cta%40iphone_2_6.0_3_537/baiduid=C3858025A5B381F03FC6520FAE4FD828/w=0_10_/t=iphone/l=3/tc",463
"/from=1018225h/bd_page_type=1/ssid=0/uid=0/pu=usm%403%2Csz%40320_1001%2Cta%40iphone_2_5.1_3_537/baiduid=BBB6E7D5F881C84E95A24F5431F4015D/w=0_10_/t=iphone/l=3/tc",464
"/from=1019023b/bd_page_type=1/ssid=0/uid=0/pu=usm%403%2Csz%401320_1001%2Cta%40iphone_2_6.0_3_537/baiduid=81B5E0170C3376788049DE4747F04F78/w=0_10_google+app+store/t=iphone/l=3/tc",465
"/from=1019023c/bd_page_type=1/ssid=0/uid=0/pu=usm%402%2Csz%40320_1001%2Cta%40iphone_2_6.0_3_537/baiduid=70584BC394EC259411FF932A6FADF980/w=0_10_/t=iphone/l=3/tc",466
"/from=1019243t/bd_page_type=1/ssid=0/uid=0/pu=usm%401%2Csz%40320_1001%2Cta%40iphone_2_6.0_3_537/baiduid=61B5C6DD991E76647277EF7F5F5E2033/w=0_10_/t=iphone/l=3/tc",467
"/from=1086k/bd_page_type=1/ssid=0/uid=0/pu=usm%400%2Csz%401320_1002%2Cta%40iphone_2_4.1_2_6.6/baiduid=D11BE03178020B7F013517F7369256AD/w=0_10_/t=iphone/l=3/tc",468
"/from=1086k/bd_page_type=1/ssid=0/uid=0/pu=usm%400%2Csz%401320_2001%2Cta%40iphone_1_5.0_3_534/baiduid=698BF7A3B456EDF104AE3E6DF2AFBAE8/w=0_10_/t=iphone/l=3/tc",469
"/from=1086k/bd_page_type=1/ssid=0/uid=0/pu=usm%400%2Csz%401321_1002%2Cta%40utouch_1__2_6.9/baiduid=4A25164F1F2BE77BAF28ED8D47943664/w=0_10_google%E5%95%86%E5%BA%97%E5%AE%98%E7%BD%91/t=wap/l=3/tc",470
"/from=1086k/bd_page_type=1/ssid=0/uid=0/pu=usm%400%2Csz%40320_1002%2Cta%40iphone_2_6.0_2_7.1/baiduid=A122A4730FD118CF7CE106ACD5E9F678/w=0_10_/t=iphone/l=3/tc",471
"/from=1086k/bd_page_type=1/ssid=0/uid=0/pu=usm%401%2Csz%401320_1002%2Cta%40iphone_2_4.4_2_7.0/baiduid=D1804D192E386ECD8B94083BCABA54C9/w=0_10_/t=iphone/l=3/tc",472
"/from=1086k/bd_page_type=1/ssid=0/uid=0/pu=usm%401%2Csz%401320_1002%2Cta%40iphone_2_4.4_2_7.1/baiduid=AC668E0724064148224ADF6C6C791261/w=0_10_/t=iphone/l=3/tc",473
"/from=1086k/bd_page_type=1/ssid=0/uid=0/pu=usm%401%2Csz%401320_1002%2Cta%40iphone_2_4.4_2_7.4/baiduid=53A673EF5B590417C79D6D4173317F8C/w=0_10_/t=iphone/l=3/tc",474
"/from=1086k/bd_page_type=1/ssid=0/uid=0/pu=usm%401%2Csz%40224_220%2Cta%40iphone___2_6.4/baiduid=7946BF39DD16CB293DD55F4C73E5DE94/w=0_10_/t=iphone/l=3/tc",475
"/from=1086k/bd_page_type=1/ssid=0/uid=0/pu=usm%401%2Csz%40320_1002%2Cta%40iphone_2_5.1_2_7.2/baiduid=F8990B2B2ADABF96B8928797FFE44B57/w=0_10_/t=iphone/l=3/tc",476
"/from=1086k/bd_page_type=1/ssid=0/uid=0/pu=usm%401%2Csz%40320_1002%2Cta%40iphone_2_6.0_2_7.0/baiduid=4EC784578609314BBE4D3FB20D673198/w=0_10_/t=iphone/l=3/tc",477
"/from=1086k/bd_page_type=1/ssid=0/uid=0/pu=usm%401%2Csz%40320_1002%2Cta%40iphone_2_6.0_2_7.0/baiduid=591627695F9C84A7AD0041181DECA6AE/w=0_10_/t=iphone/l=3/tc",478
"/from=1086k/bd_page_type=1/ssid=0/uid=0/pu=usm%401%2Csz%40320_1002%2Cta%40iphone_2_7.0_2_7.1/baiduid=9BC033089C8B322FEA33862C92B68BA4/w=0_10_/t=iphone/l=3/tc",479
"/from=1086k/bd_page_type=1/ssid=0/uid=0/pu=usm%402%2Csz%401320_1002%2Cta%40iphone_2_4.4_2_6.9/baiduid=A21C4121999957F9F6A59875E57217EB/w=0_10_/t=iphone/l=3/tc",480
"/from=1086k/bd_page_type=1/ssid=0/uid=0/pu=usm%403%2Csz%401320_1002%2Cta%40iphone_2_4.4_2_7.1/baiduid=CB4F7AAB0B33F4F7CFB962AFB3A3D6A6/w=0_10_/t=iphone/l=3/tc",481
"/from=1086k/bd_page_type=1/ssid=0/uid=0/pu=usm%403%2Csz%40320_1001%2Cta%40iphone_2_7.0_3_537/baiduid=1943A9BE7E0E549A02C00954ED6CE5C8/w=0_10_/t=iphone/l=3/tc",482
"/from=1086k/bd_page_type=1/ssid=0/uid=0/pu=usm%403%2Csz%40320_1002%2Cta%40iphone_2_6.0_2_7.2/baiduid=165CDCE0C1AA021F12D7CD87336AE70F/w=0_10_/t=iphone/l=3/tc",483
"/from=1099a/bd_page_type=1/ssid=0/uid=0/baiduid=7D73F58768711C691FC0C46BED0703B2/w=0_10_/t=zbios/l=3/tc",484
"/from=1099a/bd_page_type=1/ssid=0/uid=0/baiduid=C425BAB8D55A28B56BC6F9F82C6EEF05/w=0_10_/t=zbios/l=3/tc",485
"/from=1099b/bd_page_type=1/ssid=0/uid=0/pu=sz%401320_2001%2Cta%40iphone_1_10.3_3_603%2Cusm%402/baiduid=AE6F5DA1B8C08CBD6AC35AA34B62A994/w=0_10_/t=iphone/l=3/tc",486
"/from=1099b/bd_page_type=1/ssid=0/uid=0/pu=usm%400%2Csz%401320_2001%2Cta%40iphone_1_9.3_3_601/baiduid=EE8CECC1FDDE1CF9E320B7D4EAE637AA/w=0_10_/t=iphone/l=3/tc",487
"/from=1099b/bd_page_type=1/ssid=0/uid=0/pu=usm%400%2Csz%401321_2001%2Cta%40utouch_1_8.3_3_600/baiduid=2664F2ECB5ED80FB0FE39AC8AFCE8E13/w=0_10_google+merchanise+store/t=wap/l=3/tc",488
"/from=1099b/bd_page_type=1/ssid=0/uid=0/pu=usm%400%2Csz%401321_2001%2Cta%40utouch_1_8.4_3_600/baiduid=5EAEDFA3D0D86C8997BB1D45F54A3605/w=0_10_google+store/t=wap/l=3/tc",489
"/from=1099b/bd_page_type=1/ssid=0/uid=0/pu=usm%400%2Csz%401321_2001%2Cta%40utouch_1_8.4_3_600/baiduid=5EAEDFA3D0D86C8997BB1D45F54A3605/w=0_10_Google+store/t=wap/l=3/tc",490
"/from=1099b/bd_page_type=1/ssid=0/uid=0/pu=usm%401%2Csz%401320_2001%2Cta%40iphone_1_10.0_3_602/baiduid=8FA0AED033EC1ABF1EA6FBD04BEEEF44/w=0_10_/t=iphone/l=3/tc",491
"/from=1099b/bd_page_type=1/ssid=0/uid=0/pu=usm%401%2Csz%401320_2001%2Cta%40iphone_1_10.1_3_602/baiduid=58FDDA4195F8F3B6659117BC1F7FFD03/w=0_10_/t=iphone/l=3/tc",492
"/from=1099b/bd_page_type=1/ssid=0/uid=0/pu=usm%401%2Csz%401320_2001%2Cta%40iphone_1_9.3_3_601/baiduid=CC9B1D87F68328794905BA0B6CE56642/w=0_10_/t=iphone/l=3/tc",493
"/from=1099b/bd_page_type=1/ssid=0/uid=0/pu=usm%402%2Csz%401320_2001%2Cta%40iphone_1_10.0_3_602/baiduid=DC875143EB2EDD1C2EB875ECE2EE12F4/w=0_10_/t=iphone/l=3/tc",494
"/from=1099b/bd_page_type=1/ssid=0/uid=0/pu=usm%402%2Csz%401320_2001%2Cta%40iphone_1_10.1_3_602/baiduid=8A0169CC796769F1C15974AF12E13E55/w=0_10_/t=iphone/l=3/tc",495
"/from=1099b/bd_page_type=1/ssid=0/uid=0/pu=usm%402%2Csz%401320_2001%2Cta%40iphone_1_6.1_3_536/baiduid=AA277EC85F7980D2D06227CF64C0581E/w=0_10_/t=iphone/l=3/tc",496
"/from=1099b/bd_page_type=1/ssid=0/uid=0/pu=usm%402%2Csz%401320_2001%2Cta%40iphone_1_9.3_3_601/baiduid=0E247F49F4F228A543D8A18B465398DD/w=0_10_/t=iphone/l=3/tc",497
"/from=1099b/bd_page_type=1/ssid=0/uid=0/pu=usm%402%2Csz%401320_2001%2Cta%40iphone_1_9.3_3_601/baiduid=1B997EFD3BA8CEC5EBCF0CFB0A5B7FAA/w=0_10_/t=iphone/l=3/tc",498
"/from=1099b/bd_page_type=1/ssid=0/uid=0/pu=usm%403%2Csz%401320_2001%2Cta%40iphone_1_9.3_3_601/baiduid=90FD4A1A4A082880A249703DC24AF62F/w=0_10_/t=iphone/l=3/tc",499
"/from=124n/bd_page_type=1/ssid=0/uid=0/pu=usm%401%2Csz%40320_1001%2Cta%40iphone_2_6.0_3_537/baiduid=E9BB89BC0C6AF71F0BFA727236027F7B/w=0_10_/t=iphone/l=3/tc",500
"/from=124n/bd_page_type=1/ssid=0/uid=0/pu=usm%402%2Csz%40320_1001%2Cta%40iphone_2_5.1_3_537/baiduid=6B918C35BD8C04B4360D13F9DACDE44D/w=0_10_/t=iphone/l=3/tc",501
"/from=124n/bd_page_type=1/ssid=0/uid=0/pu=usm%403%2Csz%401320_1001%2Cta%40iphone_2_5.1_3_537/baiduid=F3B9720B27CA9EB26A9B7B33D95D7FD5/w=0_10_/t=iphone/l=3/tc",502
"/from=1269a/bd_page_type=1/ssid=0/uid=0/pu=usm%400%2Csz%401321_1004%2Cta%40utouch_2_4.1_11_2.1/baiduid=9341382C2E97BEC7B16C325EC68C0932/w=0_10_store+google/t=wap/l=3/tc",503
"/from=1505e/bd_page_type=1/ssid=0/uid=0/pu=usm%400%2Csz%401321_1004%2Cta%40utouch_2_4.2_9_/baiduid=7896876A12D36D8943BE6FF75B1B4818/w=0_10_googlestore/t=wap/l=3/tc",504
"/from=1505h/bd_page_type=1/ssid=0/uid=0/pu=usm%400%2Csz%401321_1004%2Cta%40utouch_2_4.0_9_/baiduid=751ABD0337DDFC010EA2EB9618A10080/w=0_10_google+store/t=wap/l=3/tc",505
"/from=157b/bd_page_type=1/ssid=0/uid=0/pu=usm%400%2Csz%401321_1004%2Cta%40utouch_2_4.1__/baiduid=0E40488211E03881E600E963CD1BD87B/w=0_10_www.google+store.com/t=wap/l=3/tc",506
"/from=1714a/bd_page_type=1/ssid=0/uid=0/pu=usm%400%2Csz%401321_1004%2Cta%40utouch_2_4.4_9_/baiduid=35C2998A8568C3F9B4EB0CA4DEB36EB3/w=0_10_google+store/t=wap/l=3/tc",507
"/from=2001a/bd_page_type=1/ssid=0/uid=0/pu=usm%401%2Csz%401320_1003%2Cta%40iphone_2_4.4_1_11.2/baiduid=A92E09E33B761CB63723E3984C149CAD/w=0_10_/t=iphone/l=3/tc",508
"/from=2001a/bd_page_type=1/ssid=0/uid=0/pu=usm%401%2Csz%401320_1003%2Cta%40iphone_2_4.4_1_11.3/baiduid=786295BD4138DEDF566D84B610BE95F4/w=0_10_/t=iphone/l=3/tc",509
"/from=2001a/bd_page_type=1/ssid=0/uid=0/pu=usm%401%2Csz%401320_2003%2Cta%40iphone_1_10.3_1_10.6/baiduid=A1FD18642E939574C610FC8A8316D05E/w=0_10_/t=iphone/l=3/tc",510
"/from=2001a/bd_page_type=1/ssid=0/uid=0/pu=usm%402%2Csz%401320_1001%2Cta%40iphone_2_6.0_3_537/baiduid=494FFE6533C49BB85AC76FCE5488FE5B/w=0_10_/t=iphone/l=3/tc",511
"/from=2001a/bd_page_type=1/ssid=0/uid=0/pu=usm%402%2Csz%401320_1003%2Cta%40iphone_2_4.4_1_10.9/baiduid=C5D255A6CFB4B2978682CFD0936143C3/w=10_10_/t=iphone/l=3/tc",512
"/from=2001a/bd_page_type=1/ssid=0/uid=0/pu=usm%402%2Csz%401320_1003%2Cta%40iphone_2_4.4_1_11.5/baiduid=52EE68D559D53B12B60148732984DDA5/w=0_10_/t=iphone/l=3/tc",513
"/from=2001a/bd_page_type=1/ssid=0/uid=0/pu=usm%402%2Csz%40320_1003%2Cta%40iphone_2_5.1_1_11.0/baiduid=8AC33C611D2B9988C4616F19445CCAE8/w=0_10_/t=iphone/l=3/tc",514
"/from=2001a/bd_page_type=1/ssid=0/uid=0/pu=usm%402%2Csz%40320_1003%2Cta%40iphone_2_6.0_1_11.4/baiduid=977641FDA9C60E0C7E415EB039387FA6/w=0_10_/t=iphone/l=3/tc",515
"/from=2001a/bd_page_type=1/ssid=0/uid=0/pu=usm%403%2Csz%401320_1003%2Cta%40iphone_2_5.0_1_11.0/baiduid=B0EE6B6C4219D6768557320ABE100CF0/w=0_10_/t=iphone/l=3/tc",516
"/from=2001a/bd_page_type=1/ssid=754e686c393231333833363233b027/uid=0/pu=usm%401%2Csz%401320_1003%2Cta%40iphone_2_6.0_1_11.2/baiduid=4F2C4CFCFEEEBEA9C66122258E94996E/w=0_10_/t=iphone/l=3/tc",517
"/from=2001a/bd_page_type=1/ssid=a2ab706f70626f78676af203/uid=0/pu=usm%403%2Csz%40320_1003%2Cta%40iphone_2_6.0_1_10.9/baiduid=C9E8B9796BB515B6B1C8756C0A4DDCAE/w=0_10_/t=iphone/l=3/tc",518
"/from=2001a/bd_page_type=1/ssid=a7666b796e6b616e6779696e696e67b903/uid=0/pu=usm%400%2Csz%401320_1003%2Cta%40iphone_2_6.0_1_11.0/baiduid=835BE70DC9630E6554653F182F315509/w=0_10_google+app+store/t=iphone/l=3/tc",519
"/from=2001a/bd_page_type=1/ssid=f84e5f5fc7a7cfd23a23/uid=0/pu=usm%401%2Csz%40320_1003%2Cta%40iphone_2_5.0_1_10.10/baiduid=AE41E0FBF47DC41752D0878C864BE784/w=0_10_/t=iphone/l=3/tc",520
"/from=844b/bd_page_type=1/ssid=0/uid=0/pu=sz%40320_1001%2Cta%40iphone_2_5.1_3_537%2Cusm%404/baiduid=6B52FC664E1F9906D46B2051EF7C7A7A/w=0_10_/t=iphone/l=3/tc",521
"/from=844b/bd_page_type=1/ssid=0/uid=0/pu=usm%400%2Csz%40320_1001%2Cta%40iphone_2_6.0_3_537/baiduid=40869A0303A5B7D7C71819F9ABB0CE05/w=0_10_/t=iphone/l=3/tc",522
"/from=844b/bd_page_type=1/ssid=0/uid=0/pu=usm%400%2Csz%40320_1001%2Cta%40iphone_2_6.0_3_537/baiduid=FC6AC1F20A63A3F54B1225A33FC9B60F/w=0_10_/t=iphone/l=3/tc",523
"/from=844b/bd_page_type=1/ssid=0/uid=0/pu=usm%400%2Csz%40320_1001%2Cta%40iphone_2_7.1_3_537/baiduid=1EB492F05355A756C548463E6E3FF060/w=0_10_/t=iphone/l=3/tc",524
"/from=844b/bd_page_type=1/ssid=0/uid=0/pu=usm%401%2Csz%401320_1001%2Cta%40iphone_2_4.4_3_/baiduid=338D86921409A9659862DD61E701FEAC/w=0_10_/t=iphone/l=3/tc",525
"/from=844b/bd_page_type=1/ssid=0/uid=0/pu=usm%401%2Csz%401320_1001%2Cta%40iphone_2_6.0_3_537/baiduid=692A6DE7ED996B91F742D062B7AE9F46/w=0_10_/t=iphone/l=3/tc",526
"/from=844b/bd_page_type=1/ssid=0/uid=0/pu=usm%401%2Csz%401320_2001%2Cta%40iphone_1_10.2_3_602/baiduid=1B305786E200C3F90E4B471322B23D1E/w=0_10_/t=iphone/l=3/tc",527
"/from=844b/bd_page_type=1/ssid=0/uid=0/pu=usm%401%2Csz%401328_1001%2Cta%40pad_2_4.4_3_537/baiduid=54554C3A8C8F064B0553B82F8CDFCDD1/w=0_10_/t=pad/l=1/tc",528
"/from=844b/bd_page_type=1/ssid=0/uid=0/pu=usm%401%2Csz%40320_1001%2Cta%40iphone_2_6.0_3_537/baiduid=A905DB23EC075C0B66F7E74E64284B87/w=0_10_/t=iphone/l=3/tc",529
"/from=844b/bd_page_type=1/ssid=0/uid=0/pu=usm%401%2Csz%40320_1001%2Cta%40iphone_2_7.1_3_537/baiduid=F669104D4C19E8B0075FE4A30BA43109/w=0_10_/t=iphone/l=3/tc",530
"/from=844b/bd_page_type=1/ssid=0/uid=0/pu=usm%401%2Csz%40320_1002%2Cta%40iphone_2_6.0_2_6.0/baiduid=8B5CED302755A8A3BADD554D1E7DC07E/w=0_10_/t=iphone/l=3/tc",531
"/from=844b/bd_page_type=1/ssid=0/uid=0/pu=usm%402%2Csz%401320_2001%2Cta%40iphone_1_10.0_3_602/baiduid=197AEA1DD74E9B149E177CE586239544/w=0_10_/t=iphone/l=3/tc",532
"/from=844b/bd_page_type=1/ssid=0/uid=0/pu=usm%402%2Csz%401320_2001%2Cta%40iphone_1_10.2_3_602/baiduid=02DAF981507BF3A748FEFF560A7C77F2/w=0_10_/t=iphone/l=3/tc",533
"/from=844b/bd_page_type=1/ssid=0/uid=0/pu=usm%402%2Csz%401320_2001%2Cta%40iphone_1_8.4_3_600/baiduid=26C178FF40ED6E911837CA18EFCDAAE4/w=0_10_/t=iphone/l=3/tc",534
"/from=844b/bd_page_type=1/ssid=0/uid=0/pu=usm%402%2Csz%40320_1001%2Cta%40iphone_2_7.1_3_537/baiduid=0908938C3222AB283E0340CF8FE8ACB1/w=0_10_/t=iphone/l=3/tc",535
"/from=844b/bd_page_type=1/ssid=0/uid=0/pu=usm%403%2Csz%401320_1001%2Cta%40iphone_2_5.1_3_537/baiduid=9B062A42E3706FCBF40ECF48751291FF/w=0_10_/t=iphone/l=3/tc",536
"/from=844b/bd_page_type=1/ssid=0/uid=0/pu=usm%404%2Csz%401320_2001%2Cta%40iphone_1_10.3_3_603/baiduid=9A7CD6B574919C6EAA13ED398C39A7C2/w=0_10_/t=iphone/l=3/tc",537
"/from=844b/bd_page_type=1/ssid=0/uid=0/pu=usm%405%2Csz%40320_1001%2Cta%40iphone_2_7.0_3_537/baiduid=2BE8529EFF6A6AD3C3BA2FE135A248ED/w=0_10_/t=iphone/l=3/tc",538
"/from=844b/bd_page_type=1/ssid=7565c7e2c6f8c7f2c7c5325818/uid=0/pu=usm%401%2Csz%40320_1001%2Cta%40iphone_2_6.0_3_537/baiduid=044C91E32822D7D8D7A0BE87B38AFF8C/w=0_10_/t=iphone/l=3/tc",539
"/from=844b/bd_page_type=1/ssid=7bf04f6c645f57616e675f323333edb1/uid=0/pu=usm%402%2Csz%40320_1001%2Cta%40iphone_2_7.1_3_537/baiduid=078F632B55AA8881AB1E8385C54A14BF/w=0_10_/t=iphone/l=3/tc",540
"/from=844b/bd_page_type=1/ssid=a46d6a6875616e6731333134ec01/uid=0/pu=usm%400%2Csz%401320_1004%2Cta%40iphone_2_6.0_11_8.2/baiduid=9D32AD81E19CFB1824FEF0AA671D936C/w=0_10_google%E5%95%86%E5%BA%97%E5%AE%98%E7%BD%91/t=iphone/l=3/tc",541
"/FZJELrlMDw",542
"/gadgets/2015/03/google-launches-the-google-store-a-new-second-place-to-buy-hardware/",543
"/GavxdC1ggY",544
"/getpluginfile/moka_select_tag/index.html",545
"/getpluginfile/photo_quality/index.html",546
"/Gi09YAqIHH",547
"/gim71741545",548
"/google-analytics-demo-account/",549
"/google-analytics-launches-public-demo-account-22482.html",550
"/google-annual-shareholders-meetings-gifts-2016-6",551
"/google-annual-shareholders-meetings-gifts-2016-6/",552
"/google-branded-mystery-headphones-appear-in-fcc-filings-2017-4",553
"/google-merchandise-store",554
"/google-store-chromebook-pixel-121161",555
"/Google/landing/",556
"/Google/shop.axd/ValidateLogin",557
"/gopher",558
"/gp/aw/ls/ref=aw_wl_vv_nxt_1",559
"/gp/aw/ls/ref=cm_sw_r_fm_ws_x_R.QgybJJJHEZC",560
"/gp/baby-reg/paul-hobbs-tricia-hobbs-november-2016-upland",561
"/gp/baby-reg/paulandtricia-hobbs-november-2016-upland",562
"/gp/registry/wishlist/1FU7YGWAHZYZ9/ref=nav_wishlist_lists_1",563
"/gp/registry/wishlist/1PZ1QOHNN9PIS/ref=nav_wishlist_lists_1",564
"/gp/registry/wishlist/2U81BY9YC5TG8/ref=nav_wishlist_lists_1",565
"/gp/registry/wishlist/PM8MGRAW027S/ref=cm_wl_rlist_go_v",566
"/gp/registry/wishlist/ref=cm_wl_search_1",567
"/hangouts/_/360photoinc.com/photog-roundup",568
"/hangouts/_/calendar/a3BhdWw4NkBnbWFpbC5jb20.75j66c1p61j36b9ocgp30b9k6dh3gb9pchhm2bb36tgj0cj56hij6d35c8",569
"/hangouts/_/calendar/aWNlY2FwY2hpY2Fnb0BnbWFpbC5jb20.ip0gtn1rcoo7r4g9j05d1sbbd0",570
"/hangouts/_/cdjako2b4rb7vhgj5g74n2mytqe",571
"/hangouts/_/cloudbakers.com/discuss-boulder",572
"/hangouts/_/CONVERSATION/UgzciR6HvvgXKmHwQlR4AaABAagB79bXAw",573
"/hangouts/_/event/c38c9jhk9m8f22aue9iknrnta1s",574
"/hangouts/_/event/chfq4onpapmh39v8pecq3pvaj00",575
"/hangouts/_/g-retail.com/as-rsm-weekly",576
"/hangouts/_/g-retail.com/kbanta",577
"/hangouts/_/g-retail.com/rm-weekly",578
"/hangouts/_/g-retail.com/weekly",579
"/hangouts/_/globant.com/gaiq-google",580
"/hangouts/_/google.com/01a56bf2f29d752a83af41b5818bd256",581
"/hangouts/_/google.com/avetti",582
"/hangouts/_/google.com/cloud-online",583
"/hangouts/_/google.com/colbygalen",584
"/hangouts/_/google.com/globallocalguid",585
"/hangouts/_/google.com/nordic-nal",586
"/hangouts/_/google.com/suzenrique",587
"/hangouts/_/google.com/tccmofficehours",588
"/hangouts/_/hillcompanyinc.com/google-cloud",589
"/hangouts/_/mirantis.com/isamoylova",590
"/hangouts/_/onlinepartner.se/izabella",591
"/hangouts/_/shopify.com/norm-macdonald",592
"/hangouts/_/vf7lnbfgsffyvlhzcw7f4lrthue",593
"/hangouts/_/z5cruy76hvamfjiwu67jgwfj7ee",594
"/hashtag/wazestore",595
"/HBtw4R2RL5",596
"/hg/search/",597
"/HhrgDzILZk",598
"/home.php",599
"/How-can-I-get-a-HackerRank-t-shirt",600
"/How-can-one-get-a-Google-T-shirt-in-India",601
"/How-can-one-get-a-Google-T-shirt-in-India/answer/Harpreet-Sidhu-10",602
"/How-can-one-get-a-Google-T-shirt-in-India/answer/Nilesh-Bajirao-Kasurde",603
"/How-do-I-get-a-Google-I-O-t-shirt",604
"/How-do-I-get-a-Google-I-O-t-shirt/answer/Udit-Sharma-67",605
"/HP5bCqex6b",606
"/hQnSASLlLB",607
"/hsHicaSHCc",608
"/i",609
"/i/cards/tfw/v1/853010344989544449",610
"/i/category/News",611
"/i/category/Stuff",612
"/i/entry/CryavGiyoVr+X0ulQGXcMnBS1+q/DMxqHKA5HVSCyPE=_15a7003a5c2:398066:c9473c70",613
"/i/entry/J8RgRC2V32tUb0LLykaIdq+bSFhis8T3xqVO9X3fAr0=_156519871fb:a3bad7:944ed58e",614
"/i/entry/PSNTZO8gXFUe+cpCZyApw0vEKWPT4b14D6teBEocIAE=_15bab14d536:32aefab:e55a4d93",615
"/i/entry/QlL0NdSBZfssFI9ZFE8x3RBsRy/OLpxKiank9TIuvj4=_156c30a9e95:38f5b53:45cbc242",616
"/i/entry/xTqwHYk7BMdsUeAdykR6jXFYqFXRoEWRd6QBCWqc3AE=_1591cf6f228:31a1996:e9cc4246",617
"/i/entry/xTqwHYk7BMdsUeAdykR6jXFYqFXRoEWRd6QBCWqc3AE=_15bab30e2e2:2f66dc6:afcb5334",618
"/i/latest",619
"/i/subscription/feed/http://feeds.feedburner.com/stadt-bremerhaven/dqXM",620
"/i/subscription/feed/http://stadt-bremerhaven.de/feed/",621
"/i/subscription/feed/http://www.analyticsforfun.com/feeds/posts/default",622
"/i/subscription/feed/http://www.androidcentral.com/feed",623
"/i/subscription/feed/http://www.theverge.com/rss/full.xml",624
"/I83vokRQfD",625
"/If2T0stIhs",626
"/im",627
"/imgres",628
"/ImT6LMBQHX",629
"/index.html",630
"/intl/af/yt/about/press/",631
"/intl/ALL/permissions/using-the-logo.html",632
"/intl/ALL/yt/about/",633
"/intl/ar/permissions/using-the-logo.html",634
"/intl/ar/yt/about/",635
"/intl/ar/yt/about/brand-resources/",636
"/intl/ar/yt/about/copyright/",637
"/intl/ar/yt/about/experiences/",638
"/intl/ar/yt/about/policies/",639
"/intl/ar/yt/about/press/",640
"/intl/bg/yt/about/",641
"/intl/bg/yt/about/copyright/",642
"/intl/bg/yt/about/policies/",643
"/intl/bg/yt/about/press/",644
"/intl/bn/yt/about/",645
"/intl/bn/yt/about/experiences/",646
"/intl/bn/yt/about/press/",647
"/intl/ca/yt/about/",648
"/intl/ca/yt/about/copyright/",649
"/intl/ca/yt/about/press/",650
"/intl/cs/yt/about/",651
"/intl/cs/yt/about/copyright/",652
"/intl/cs/yt/about/press/",653
"/intl/da/yt/about/",654
"/intl/da/yt/about/brand-resources/",655
"/intl/da/yt/about/copyright/",656
"/intl/da/yt/about/press/",657
"/intl/de/permissions/using-the-logo.html",658
"/intl/de/yt/about/",659
"/intl/de/yt/about/brand-resources/",660
"/intl/de/yt/about/copyright/",661
"/intl/de/yt/about/de/",662
"/intl/de/yt/about/experiences/",663
"/intl/de/yt/about/policies/",664
"/intl/de/yt/about/press/",665
"/intl/de_ALL/permissions/using-the-logo.html",666
"/intl/de_de/permissions/using-the-logo.html",667
"/intl/de_DE/permissions/using-the-logo.html",668
"/intl/el/yt/about/",669
"/intl/el/yt/about/brand-resources/",670
"/intl/el/yt/about/copyright/",671
"/intl/el/yt/about/policies/",672
"/intl/el/yt/about/press/",673
"/intl/en-GB/permissions/using-the-logo.html",674
"/intl/en-GB/yt/about/",675
"/intl/en-GB/yt/about/brand-resources/",676
"/intl/en-GB/yt/about/copyright/",677
"/intl/en-GB/yt/about/experiences/",678
"/intl/en-GB/yt/about/policies/",679
"/intl/en-GB/yt/about/press/",680
"/intl/en/permissions/using-the-logo.html",681
"/intl/en/yt/about/",682
"/intl/en/yt/about/brand-resources/",683
"/intl/en_ALL/permissions/using-the-logo.html",684
"/intl/es-/permissions/using-the-logo.html",685
"/intl/es-419/permissions/using-the-logo.html",686
"/intl/es-419/yt/about/",687
"/intl/es-419/yt/about/brand-resources/",688
"/intl/es-419/yt/about/copyright/",689
"/intl/es-419/yt/about/experiences/",690
"/intl/es-419/yt/about/policies/",691
"/intl/es-419/yt/about/press/",692
"/intl/es/permissions/using-the-logo.html",693
"/intl/es/yt/about/",694
"/intl/es/yt/about/brand-resources/",695
"/intl/es/yt/about/copyright/",696
"/intl/es/yt/about/experiences/",697
"/intl/es/yt/about/policies/",698
"/intl/es/yt/about/press/",699
"/intl/es_ALL/permissions/using-the-logo.html",700
"/intl/et/yt/about/",701
"/intl/et/yt/about/copyright/",702
"/intl/et/yt/about/press/",703
"/intl/eu/yt/about/",704
"/intl/eu/yt/about/copyright/",705
"/intl/eu/yt/about/press/",706
"/intl/fa/yt/about/",707
"/intl/fa/yt/about/press/",708
"/intl/fi/yt/about/",709
"/intl/fi/yt/about/copyright/",710
"/intl/fi/yt/about/press/",711
"/intl/fil/yt/about/",712
"/intl/fil/yt/about/copyright/",713
"/intl/fil/yt/about/policies/",714
"/intl/fil/yt/about/press/",715
"/intl/fr-CA/yt/about/",716
"/intl/fr-CA/yt/about/copyright/",717
"/intl/fr-CA/yt/about/experiences/",718
"/intl/fr-CA/yt/about/press/",719
"/intl/fr/permissions/using-the-logo.html",720
"/intl/fr/yt/about/",721
"/intl/fr/yt/about/brand-resources/",722
"/intl/fr/yt/about/copyright/",723
"/intl/fr/yt/about/experiences/",724
"/intl/fr/yt/about/policies/",725
"/intl/fr/yt/about/press/",726
"/intl/fr_ALL/permissions/using-the-logo.html",727
"/intl/fr_fr/permissions/using-the-logo.html",728
"/intl/gl/yt/about/",729
"/intl/gl/yt/about/copyright/",730
"/intl/gl/yt/about/policies/",731
"/intl/gl/yt/about/press/",732
"/intl/gu/yt/about/",733
"/intl/gu/yt/about/policies/",734
"/intl/hi/permissions/using-the-logo.html",735
"/intl/hi/yt/about/",736
"/intl/hi/yt/about/copyright/",737
"/intl/hi/yt/about/policies/",738
"/intl/hi/yt/about/press/",739
"/intl/hr/yt/about/",740
"/intl/hr/yt/about/copyright/",741
"/intl/hr/yt/about/policies/",742
"/intl/hr/yt/about/press/",743
"/intl/hu/permissions/using-the-logo.html",744
"/intl/hu/yt/about/",745
"/intl/hu/yt/about/copyright/",746
"/intl/hu/yt/about/press/",747
"/intl/id/permissions/using-the-logo.html",748
"/intl/id/yt/about/",749
"/intl/id/yt/about/brand-resources/",750
"/intl/id/yt/about/copyright/",751
"/intl/id/yt/about/experiences/",752
"/intl/id/yt/about/policies/",753
"/intl/id/yt/about/press/",754
"/intl/id_ALL/permissions/using-the-logo.html",755
"/intl/in/permissions/using-the-logo.html",756
"/intl/is/yt/about/",757
"/intl/is/yt/about/press/",758
"/intl/it/permissions/using-the-logo.html",759
"/intl/it/yt/about/",760
"/intl/it/yt/about/brand-resources/",761
"/intl/it/yt/about/copyright/",762
"/intl/it/yt/about/policies/",763
"/intl/it/yt/about/press/",764
"/intl/it_it/permissions/using-the-logo.html",765
"/intl/iw/permissions/using-the-logo.html",766
"/intl/iw/yt/about/",767
"/intl/iw/yt/about/brand-resources/",768
"/intl/iw/yt/about/copyright/",769
"/intl/iw/yt/about/policies/",770
"/intl/iw/yt/about/press/",771
"/intl/ja/permissions/using-the-logo.html",772
"/intl/ja/yt/about/",773
"/intl/ja/yt/about/brand-resources/",774
"/intl/ja/yt/about/copyright/",775
"/intl/ja/yt/about/experiences/",776
"/intl/ja/yt/about/policies/",777
"/intl/ja/yt/about/press/",778
"/intl/ja_ALL/permissions/using-the-logo.html",779
"/intl/ko/yt/about/",780
"/intl/ko/yt/about/brand-resources/",781
"/intl/ko/yt/about/copyright/",782
"/intl/ko/yt/about/experiences/",783
"/intl/ko/yt/about/policies/",784
"/intl/ko/yt/about/press/",785
"/intl/lt/yt/about/",786
"/intl/lt/yt/about/copyright/",787
"/intl/lt/yt/about/press/",788
"/intl/lv/yt/about/",789
"/intl/lv/yt/about/copyright/",790
"/intl/lv/yt/about/policies/",791
"/intl/lv/yt/about/press/",792
"/intl/ml/yt/about/copyright/",793
"/intl/ml/yt/about/experiences/",794
"/intl/ml/yt/about/press/",795
"/intl/mr/yt/about/",796
"/intl/mr/yt/about/copyright/",797
"/intl/mr/yt/about/press/",798
"/intl/ms/permissions/using-the-logo.html",799
"/intl/ms/yt/about/",800
"/intl/ms/yt/about/copyright/",801
"/intl/ms/yt/about/policies/",802
"/intl/nl/permissions/using-the-logo.html",803
"/intl/nl/yt/about/",804
"/intl/nl/yt/about/copyright/",805
"/intl/nl/yt/about/policies/",806
"/intl/nl/yt/about/press/",807
"/intl/nl_ALL/permissions/using-the-logo.html",808
"/intl/nl_nl/permissions/using-the-logo.html",809
"/intl/no/yt/about/",810
"/intl/no/yt/about/copyright/",811
"/intl/pl/permissions/using-the-logo.html",812
"/intl/pl/yt/about/",813
"/intl/pl/yt/about/brand-resources/",814
"/intl/pl/yt/about/copyright/",815
"/intl/pl/yt/about/experiences/",816
"/intl/pl/yt/about/policies/",817
"/intl/pl/yt/about/press/",818
"/intl/pl_pl/permissions/using-the-logo.html",819
"/intl/pt-BR/permissions/using-the-logo.html",820
"/intl/pt-BR/yt/about/",821
"/intl/pt-BR/yt/about/brand-resources/",822
"/intl/pt-BR/yt/about/copyright/",823
"/intl/pt-BR/yt/about/experiences/",824
"/intl/pt-BR/yt/about/policies/",825
"/intl/pt-BR/yt/about/press/",826
"/intl/pt-PT/permissions/using-the-logo.html",827
"/intl/pt-PT/yt/about/",828
"/intl/pt-PT/yt/about/brand-resources/",829
"/intl/pt-PT/yt/about/copyright/",830
"/intl/pt-PT/yt/about/policies/",831
"/intl/pt-PT/yt/about/press/",832
"/intl/pt_BR/permissions/using-the-logo.html",833
"/intl/ro/permissions/using-the-logo.html",834
"/intl/ro/yt/about/",835
"/intl/ro/yt/about/brand-resources/",836
"/intl/ro/yt/about/copyright/",837
"/intl/ro/yt/about/policies/",838
"/intl/ro/yt/about/press/",839
"/intl/ru/permissions/using-the-logo.html",840
"/intl/ru/yt/about/",841
"/intl/ru/yt/about/brand-resources/",842
"/intl/ru/yt/about/copyright/",843
"/intl/ru/yt/about/experiences/",844
"/intl/ru/yt/about/policies/",845
"/intl/ru/yt/about/press/",846
"/intl/ru_ALL/permissions/using-the-logo.html",847
"/intl/ru_ru/permissions/using-the-logo.html",848
"/intl/sk/yt/about/",849
"/intl/sk/yt/about/copyright/",850
"/intl/sk/yt/about/experiences/",851
"/intl/sl/yt/about/",852
"/intl/sl/yt/about/press/",853
"/intl/sr/yt/about/",854
"/intl/sr/yt/about/copyright/",855
"/intl/sr/yt/about/press/",856
"/intl/sv/permissions/using-the-logo.html",857
"/intl/sv/yt/about/",858
"/intl/sv/yt/about/copyright/",859
"/intl/sv/yt/about/policies/",860
"/intl/sv/yt/about/press/",861
"/intl/sw/yt/about/press/",862
"/intl/ta/yt/about/",863
"/intl/ta/yt/about/copyright/",864
"/intl/ta/yt/about/press/",865
"/intl/te/yt/about/",866
"/intl/te/yt/about/copyright/",867
"/intl/te/yt/about/press/",868
"/intl/th/permissions/using-the-logo.html",869
"/intl/th/yt/about/",870
"/intl/th/yt/about/brand-resources/",871
"/intl/th/yt/about/copyright/",872
"/intl/th/yt/about/experiences/",873
"/intl/th/yt/about/policies/",874
"/intl/th/yt/about/press/",875
"/intl/th_th/permissions/using-the-logo.html",876
"/intl/tr/permissions/using-the-logo.html",877
"/intl/tr/yt/about/",878
"/intl/tr/yt/about/brand-resources/",879
"/intl/tr/yt/about/copyright/",880
"/intl/tr/yt/about/experiences/",881
"/intl/tr/yt/about/policies/",882
"/intl/tr/yt/about/press/",883
"/intl/uk/yt/about/",884
"/intl/uk/yt/about/brand-resources/",885
"/intl/uk/yt/about/copyright/",886
"/intl/uk/yt/about/policies/",887
"/intl/uk/yt/about/press/",888
"/intl/ur/yt/about/press/",889
"/intl/vi/permissions/using-the-logo.html",890
"/intl/vi/yt/about/",891
"/intl/vi/yt/about/brand-resources/",892
"/intl/vi/yt/about/copyright/",893
"/intl/vi/yt/about/experiences/",894
"/intl/vi/yt/about/policies/",895
"/intl/vi/yt/about/press/",896
"/intl/zh-CN/permissions/using-the-logo.html",897
"/intl/zh-CN/yt/about/",898
"/intl/zh-CN/yt/about/brand-resources/",899
"/intl/zh-CN/yt/about/copyright/",900
"/intl/zh-CN/yt/about/experiences/",901
"/intl/zh-CN/yt/about/policies/",902
"/intl/zh-CN/yt/about/press/",903
"/intl/zh-CN_ALL/permissions/using-the-logo.html",904
"/intl/zh-HK/yt/about/",905
"/intl/zh-HK/yt/about/brand-resources/",906
"/intl/zh-HK/yt/about/copyright/",907
"/intl/zh-HK/yt/about/experiences/",908
"/intl/zh-HK/yt/about/press/",909
"/intl/zh-TW/permissions/using-the-logo.html",910
"/intl/zh-TW/yt/about/",911
"/intl/zh-TW/yt/about/brand-resources/",912
"/intl/zh-TW/yt/about/copyright/",913
"/intl/zh-TW/yt/about/experiences/",914
"/intl/zh-TW/yt/about/policies/",915
"/intl/zh-TW/yt/about/press/",916
"/iNTz4Le7x0",917
"/io7R5LF8Co",918
"/Is-being-a-recruiter-at-Google-like-working-in-a-call-center",919
"/item",920
"/IUI6ugD07C",921
"/iwUmg4X7a8",922
"/java/com/google/ads/apps/displayads/creatives/testing/harnessapp/server/preview_service/g3doc/release.html",923
"/java/com/google/contentads/formats/previewservice/g3doc/harness/preview_release/index.html",924
"/jCUxZpwAZG",925
"/jgtq0B9L8Y",926
"/jRlnF8mk4V",927
"/jvBgnVfanX",928
"/khcOOdGodG",929
"/klr2r9jWAX",930
"/KnKVG60BRj",931
"/KOvNETwrEw",932
"/KtfjgWJtWs",933
"/KwcplBgcuY",934
"/l.php",935
"/l/",936
"/l/5AQGpZkHeAQFza2tBs8PALqvRhZJ1xlV68CHBzi2K1DsB5Q/https%3A%2F%2Fshop.googlemerchandisestore.com%2FGoogle%2BRedesign%2FBags%2FBackpacks%2FGoogle%2BAlpine%2BStyle%2BBackpack.axd",937
"/l/vAQEvQ1-cAQG4NZqVfz4n5Gd01GbIGimMRRIn5PmCDhCdhg/https%3A%2F%2Fshop.googlemerchandisestore.com%2FGoogle%2BRedesign%2FApparel%2FMen%2B%2Bs%2FMen%2B%2Bs%2BOuterwear",938
"/L1do1UvNby",939
"/lEeOPAuSNh",940
"/lF7DEmdhN2",941
"/life/lgbtq-dog-friendly-companies/",942
"/link",943
"/LmsrT9xJ9A",944
"/local/business/admin/bb/10248288688305646485",945
"/loZDU6fUOn",946
"/lsr.php",947
"/Lw3hzUjkK9",948
"/lwgeMsUJ8E",949
"/mads/gma",950
"/MAHl9hEPPh",951
"/mail/",952
"/mail/ca/",953
"/mail/ca/u/0/",954
"/mail/ca/u/1/",955
"/mail/mu/mp/0/",956
"/mail/mu/mp/112/",957
"/mail/mu/mp/116/",958
"/mail/mu/mp/118/",959
"/mail/mu/mp/121/",960
"/mail/mu/mp/133/",961
"/mail/mu/mp/140/",962
"/mail/mu/mp/15/",963
"/mail/mu/mp/154/",964
"/mail/mu/mp/169/",965
"/mail/mu/mp/20/",966
"/mail/mu/mp/201/",967
"/mail/mu/mp/202/",968
"/mail/mu/mp/207/",969
"/mail/mu/mp/219/",970
"/mail/mu/mp/221/",971
"/mail/mu/mp/23/",972
"/mail/mu/mp/258/",973
"/mail/mu/mp/262/",974
"/mail/mu/mp/291/",975
"/mail/mu/mp/295/",976
"/mail/mu/mp/297/",977
"/mail/mu/mp/309/",978
"/mail/mu/mp/320/",979
"/mail/mu/mp/321/",980
"/mail/mu/mp/327/",981
"/mail/mu/mp/335/",982
"/mail/mu/mp/336/",983
"/mail/mu/mp/34/",984
"/mail/mu/mp/35/",985
"/mail/mu/mp/37/",986
"/mail/mu/mp/375/",987
"/mail/mu/mp/382/",988
"/mail/mu/mp/386/",989
"/mail/mu/mp/404/",990
"/mail/mu/mp/423/",991
"/mail/mu/mp/426/",992
"/mail/mu/mp/452/",993
"/mail/mu/mp/455/",994
"/mail/mu/mp/456/",995
"/mail/mu/mp/459/",996
"/mail/mu/mp/466/",997
"/mail/mu/mp/469/",998
"/mail/mu/mp/470/",999
"/mail/mu/mp/475/",1000
"/mail/mu/mp/479/",1001
"/mail/mu/mp/492/",1002
"/mail/mu/mp/499/",1003
"/mail/mu/mp/509/",1004
"/mail/mu/mp/513/",1005
"/mail/mu/mp/518/",1006
"/mail/mu/mp/519/",1007
"/mail/mu/mp/538/",1008
"/mail/mu/mp/539/",1009
"/mail/mu/mp/54/",1010
"/mail/mu/mp/572/",1011
"/mail/mu/mp/594/",1012
"/mail/mu/mp/607/",1013
"/mail/mu/mp/656/",1014
"/mail/mu/mp/658/",1015
"/mail/mu/mp/673/",1016
"/mail/mu/mp/686/",1017
"/mail/mu/mp/695/",1018
"/mail/mu/mp/704/",1019
"/mail/mu/mp/716/",1020
"/mail/mu/mp/733/",1021
"/mail/mu/mp/74/",1022
"/mail/mu/mp/749/",1023
"/mail/mu/mp/760/",1024
"/mail/mu/mp/766/",1025
"/mail/mu/mp/773/",1026
"/mail/mu/mp/785/",1027
"/mail/mu/mp/797/",1028
"/mail/mu/mp/800/",1029
"/mail/mu/mp/819/",1030
"/mail/mu/mp/833/",1031
"/mail/mu/mp/838/",1032
"/mail/mu/mp/847/",1033
"/mail/mu/mp/858/",1034
"/mail/mu/mp/862/",1035
"/mail/mu/mp/876/",1036
"/mail/mu/mp/899/",1037
"/mail/mu/mp/9/",1038
"/mail/mu/mp/901/",1039
"/mail/mu/mp/913/",1040
"/mail/mu/mp/919/",1041
"/mail/mu/mp/921/",1042
"/mail/mu/mp/929/",1043
"/mail/mu/mp/933/",1044
"/mail/mu/mp/937/",1045
"/mail/mu/mp/975/",1046
"/mail/mu/mp/986/",1047
"/mail/mu/mp/992/",1048
"/mail/u/0/",1049
"/mail/u/0/x/1cqshlu7l2ewi-/",1050
"/mail/u/1/",1051
"/mail/u/2/",1052
"/mail/u/3/",1053
"/mail/u/6/",1054
"/mail/x/1a4cjdxksxl03-hp-opera-mini/",1055
"/maps/d/edit",1056
"/maps/d/u/0/edit",1057
"/maps/d/u/0/viewer",1058
"/maps/d/u/1/edit",1059
"/maps/d/u/2/edit",1060
"/maps/d/viewer",1061
"/maps/forum/AAAAQuUrST8rtQMhvDlS0Y/",1062
"/maps/pushpin/express/underclustering",1063
"/matttproud/gochecklist",1064
"/matttproud/gochecklist/blob/master/README.md",1065
"/merchants/",1066
"/message",1067
"/messages",1068
"/messages/jakko.lai",1069
"/mo271Kn3ho",1070
"/mobile",1071
"/mobileapp",1072
"/mod/forum/discuss.php",1073
"/moodle/mod/forum/discuss.php",1074
"/myactivity",1075
"/N4061/adi/com.ytsrc.indus/manufacturing",1076
"/N4061/adi/com.ytsrc.inter/webservices_webstatsanalytics",1077
"/N4061/adi/com.ytsrc.lifes/religionspirituality_religion_hinduism",1078
"/n4ZFWBDxsf",1079
"/neo/b/message",1080
"/neo/launch",1081
"/neo/m/message",1082
"/neo/rd",1083
"/new/",1084
"/news/stocks/google-branded-mystery-headphones-appear-in-fcc-filings-2017-4-1001952947",1085
"/nHUPJt3Z3B",1086
"/node/71575",1087
"/npy6HgRsVv",1088
"/nSOKfTS6aS",1089
"/NtbQbYrykE",1090
"/ObDgcdHHTG",1091
"/od/Things-To-Do-in-Silicon-Valley/fl/",1092
"/od/Things-To-Do-in-Silicon-Valley/fl/How-To-Visit-the-Googleplex-the-Google-Head-Office-in-Mountain-View.htm",1093
"/od/Things-To-Do-in-Silicon-Valley/tp/Tech-Headquarters-You-Can-Visit-in-Silicon-Valley.htm",1094
"/offer/2145",1095
"/OHt4vFnFOy",1096
"/optimize/home/",1097
"/optimize/opt-launch.html",1098
"/OutboundRedirect.action",1099
"/owa/",1100
"/owa/redir.aspx",1101
"/OxJYKesTSq",1102
"/p/47299474/youtube-player-t-shirt-unisex",1103
"/p235brw0kjb/",1104
"/pagead/ads",1105
"/pagead/gadgets/dynamic_in_page_V1/Responsive_arcadian_able.html",1106
"/pagead/gadgets/dynamic_in_page_V1/Responsive_FBC_GpaSingleIframe.html",1107
"/pagead/gadgets/dynamic_in_page_V1/Responsive_FBC_Logo_GpaSingleIframe.html",1108
"/pagead/gadgets/dynamic_in_page_V1/Responsive_FBC_Logo_GpaSingleIframe_test.html",1109
"/pagead/gadgets/dynamic_in_page_V1/Responsive_murray.html",1110
"/pagead/gadgets/dynamic_in_page_V1/Responsive_murray2_GpaSingleIframe_test.html",1111
"/pagead/gadgets/dynamic_in_page_V1/Responsive_product_image_first.html",1112
"/pagead/gadgets/gmail_dynamic_V1/gmail_dynamic_V1.html",1113
"/pagead/gadgets/teracent_product_template_V1/DoubleImg_1a_728x90.html",1114
"/pagead/gadgets/teracent_product_template_V1/MinimalCarousel_1a-2_160x600.html",1115
"/pagead/gadgets/teracent_product_template_V1/MinimalCarousel_1a-2_300x250.html",1116
"/pagead/gadgets/teracent_product_template_V1/MinimalCarousel_1a-2_300x600.html",1117
"/pagead/gadgets/teracent_product_template_V1/MinimalCarousel_1a-2_728x90.html",1118
"/pagead/render_post_ads.html",1119
"/pagead/render_post_ads_exp.html",1120
"/pB61DHl95y",1121
"/pEnXcP0CYj",1122
"/permissions/using-the-logo.html",1123
"/Pgd0geOKeT",1124
"/photos/google-dog-toy-21237.html",1125
"/pin/132574782761087311",1126
"/pin/276619602092009519",1127
"/pin/299911656420971465/",1128
"/pin/372180356689276551",1129
"/pin/372180356689276725",1130
"/pin/426082814733567791",1131
"/pin/426082814733567791/",1132
"/pin/564920346990344470/",1133
"/pin/714242822122965250",1134
"/pin/723038915146464327",1135
"/pin/A7B6jgAQwHkDlnLy-r4AAAA",1136
"/pluginfile.php/444966/mod_resource/content/1/Case%20Analysis%204%20-%20Google%20Merchandise%20Store.pdf",1137
"/pluginfile.php/70656/mod_resource/content/2/TrabajoFinal1_Analytics.pdf",1138
"/pluginfile.php/70656/mod_resource/content/4/TrabajoFinal1_Analytics.pdf",1139
"/pluginfile.php/72719/mod_resource/content/1/CourseWork_Web%20Metrics_Briefing.pdf",1140
"/plus/forum/AAAARKNkdp4Aa863ziQXLc/",1141
"/powJ28t8B2",1142
"/ppc.webanalytics",1143
"/presentation/d/1-o__O8tPphC0jesb9AcJ21EJj8H5h585yhpYTtulHkI/present",1144
"/presentation/d/1031aZFf2rJXaNts1RUIHp8uhHZzDExUdHu_0D0Spza4/edit",1145
"/presentation/d/1031aZFf2rJXaNts1RUIHp8uhHZzDExUdHu_0D0Spza4/present",1146
"/presentation/d/12OuetR02BmdwoOZl2B_ecm7uEhxy-MoObZWUvu3rK2o/present",1147
"/presentation/d/1aaKFgSzAoOoJnD7bjw98G61XBiX_9OPRdWWEJUR5gSg/present",1148
"/presentation/d/1bXONabmeEoUzl7CLpKscsUixmot6xz43S1wvZo87DLQ/present",1149
"/presentation/d/1chItZzpBiQ9dElYqjfcT5AelknXyBCahN-HbWKQ4m-g/edit",1150
"/presentation/d/1d4D0NuEXJDD--zKyWzkm1IHjr7k89Coq5yf1BKtZq3M/present",1151
"/presentation/d/1dA_vEsR551kqAS6S5MsmYb7V3oUv0IIs4S0ZW-zxcxY/present",1152
"/presentation/d/1G0bS8tSEb8R_cqbsz5PrFoM7nyu-lGQuiJ-o-TRBLW8/present",1153
"/presentation/d/1h6uWpQYy8Fjm9Cvb0f4_8Q37NpPX0DdoQ8lV2xFy5Q0/present",1154
"/presentation/d/1JBr-NZ4LvqyV0ZACcp2d5hWA3AdmVND8N_uB8sHUAVY/present",1155
"/presentation/d/1jG1soueprUc0Ust1ZfGD5pHRLMIsi-hyejX9XnDr2Xw/present",1156
"/presentation/d/1kGcCjdaigfoo5CMJ-gcBnf4_zdPfCBSk_iabtMZPN6s/pub",1157
"/presentation/d/1MX8JUFZ9jScwkH-ib69oJLG4iIoDRTRd3g_rHznwOzQ/present",1158
"/presentation/d/1nl83Cf0mAsADaEBPPpA6SjRCLX3EuZKhIv2pU3yy3kY/present",1159
"/presentation/d/1NVU5Px90ygSVOuDYwspjUENaeqCxkzRIdEhwWeNgrQs/present",1160
"/presentation/d/1OCihfMr3WLnr2fTHOuu2sw_hPuyh7whd6ov1Xm-4sqs/edit",1161
"/presentation/d/1odWFSU_HI0FwuaIy_I113TBuWopDFpc0hNJ_5ux8l6A/present",1162
"/presentation/d/1V7rLQihMCNQeBZOl2qOpd6vWIXjFBUDT-nwATG4kEcU/edit",1163
"/presentation/d/1V7rLQihMCNQeBZOl2qOpd6vWIXjFBUDT-nwATG4kEcU/present",1164
"/presentation/d/1vxSdibn1QLUzgriz-ohvKzA1vXUABFU7pse_12BxRbE/present",1165
"/presentation/d/1xnPwOFSGz6L2OMzRsW8RtFarEKTDIdf4s-RdvoNcBVU/present",1166
"/presentation/d/1yyX2DMnr5NaQqckh92Gy-YECS9hZm30cUMl-UUscs6E/present",1167
"/presentation/d/1ZaQRTK3_vgwq0yCaaIGeQ5ecprXTASxgy0YhA6fn9_4/present",1168
"/presentation/d/1ZDCakS8HTCW-AoAzDnKz2aEBGq37yyHO4gEEomw_CNw/present",1169
"/prizes/",1170
"/prod/google.com/gatmpm/diy-events-basics",1171
"/Ps70eHmIcf",1172
"/pt-BR/golangbr/events/226482468/",1173
"/publicconstrt300/",1174
"/Qkvtr6OiUt",1175
"/QpXvjwMv6t",1176
"/questions",1177
"/QUXIvbxcgU",1178
"/QwaujgsLA4",1179
"/QXhdXV1Zrh",1180
"/r/Android/comments/3p259j/use_android_pay_at_jamba_juice_and_get_free/",1181
"/r/Android/comments/67ojsi/bluetooth_and_anc_headphone_by_google_in_the_works/",1182
"/r/androidcirclejerk/",1183
"/r/androidcirclejerk/comments/5933vz/google_sells_a_galaxy_screen_cleaning_cloth/",1184
"/r/askgaybros/comments/4pcpyv/hey_gay_bros_do_gay_bros_wear_gay_tshirts/",1185
"/r/AskReddit/comments/3elm62/what_company_or_business_do_you_think_will_be/",1186
"/r/caseyneistat/comments/63qy7n/youtube_sticker_casey_uses_on_his_macbook/",1187
"/r/chromeos/comments/39boco/looking_for_chrome_sticker/",1188
"/r/chromeos/comments/5vqztw/show_your_love_of_chromeboxes_and_your_setup/",1189
"/r/findfashion/comments/5j1sci/google_backpack/",1190
"/r/funny/comments/60rbfb/android_crashes_on_boot_when_running_from_sd_card/",1191
"/r/funny/comments/60rbfb/android_crashes_on_boot_when_running_from_sd_card/df938jj/",1192
"/r/gaming/comments/5x6ki8/gray_fox_cosplay_from_metal_gear/",1193
"/r/golang",1194
"/r/golang/",1195
"/r/golang/comments/2u2n8q/gopher_soft_toy/",1196
"/r/golang/comments/2u2n8q/gopher_soft_toy/co4jvjp/",1197
"/r/golang/comments/4jlqzs/purple_gophers_on_sale_595_each/",1198
"/r/golang/comments/4spnk9/where_to_buy_the_golang_gopher_plush/",1199
"/r/golang/comments/4zk0qy/in_serious_need_of_some_gopher_golang_swag/",1200
"/r/google/comments/2ohhqb/ordered_from_the_google_merchandise_store_and_got/",1201
"/r/google/comments/3kxsxp/anyone_remember_when_google_gave_these_out_for/",1202
"/r/google/comments/3y2v6p/i_had_no_idea_there_was_so_much_google/",1203
"/r/google/comments/4qtqro/google_just_launched_a_new_merchandise_store_in/",1204
"/r/HomeImprovement/comments/5acczs/how_to_temporarily_screen_an_apartment_balcony_to/",1205
"/r/HomeImprovement/comments/5acczs/how_to_temporarily_screen_an_apartment_balcony_to/.compact",1206
"/r/Ingress/comments/3a11c9/a_friend_just_linked_this_goodie_bag/",1207
"/r/Ingress/comments/3qr6ql/google_is_offloading_some_ingress_swag_for_cheap/",1208
"/r/marketing/comments/6at5fs/vendor_for_online_company_apparelmerch_store/",1209
"/r/MechanicalKeyboards/comments/4rfxj5/nsfw_artisic_read_ridiculous_whitefox_and_desk/",1210
"/r/mildlyinteresting/comments/6gi4f8/my_pen_from_google_has_a_mini_maze_game_inside_of/",1211
"/r/Nexus6P/comments/3sjjpf/camera_lens_adaptors_magnetic_lenses/",1212
"/r/Nexus6P/comments/3t0uv3/screen_protector_wipe/",1213
"/r/nier/comments/654fmo/b_e_c_o_m_e_a_s_g_o_d_s/",1214
"/r/nier/comments/654fmo/b_e_c_o_m_e_a_s_g_o_d_s/dg7nqwh/",1215
"/r/ProjectFi/comments/430rw7/so_this_just_came_in_the_mail_project_fi_customer/",1216
"/r/puns/comments/60pv4t/android_crashes_on_boot_when_running_from_sd_card/",1217
"/r/relationships/",1218
"/r/startups/comments/33ky3t/stickers/",1219
"/r/videos/comments/50go4p/small_islands_sheepview_worked_google_listened/",1220
"/r/videos/comments/5d9yq7/google_earth_vr_bringing_the_whole_wide_world_to/",1221
"/r/worldnews/comments/5h7121/german_firms_including_bmw_pull_advertising_from/",1222
"/r/writers/comments/5tzi7x/what_is_your_favourite_notepad_to_write_your/",1223
"/R360/incidents/2A1QIX",1224
"/reader/feed/http%3A%2F%2Fwww.androidcentral.com%2Ffeed",1225
"/redirect",1226
"/Redirect/ToExternal/",1227
"/request",1228
"/results/",1229
"/Rewards/Products/Details.aspx",1230
"/RpxjG3yZrl",1231
"/s",1232
"/s/custom_squish",1233
"/safeframe/1-0-4/html/container.html",1234
"/safeframe/1-0-5/html/container.html",1235
"/safeframe/1-0-6/html/container.html",1236
"/safeframe/1-0-7/html/container.html",1237
"/safeframe/1-0-8/html/container.html",1238
"/safeframe/1-0-9/html/container.html",1239
"/SaHxZHj1eE",1240
"/search",1241
"/search.php",1242
"/search/GGmain.jhtml",1243
"/search/GGweb.jhtml",1244
"/settings/takeout/downloads",1245
"/setup/assets/pdf/google-guides/google-guides-program.pdf",1246
"/sH7BFIEUWc",1247
"/share",1248
"/ShipitoIntl/Admin/assistedpurchases/pending.jsp",1249
"/sHr0apUT6e",1250
"/signup/",1251
"/site/northcountycomputer/",1252
"/site/northcountycomputer/handy",1253
"/site/northcountycomputer/permalinks",1254
"/site/welcomehome/welcomehomehomepage",1255
"/SmAHNE9IFn",1256
"/snMoq7Tsnm",1257
"/solnywek",1258
"/spartan/ntp",1259
"/spreadsheets/d/13X-hRxJtS5GwEhMYPTGspgXOfjKwM0lS4Yd-czeejMM/edit",1260
"/spreadsheets/d/15eCqBr-ZCBj6ZyU8F7prObUE8s8sCx9I75FEbmNwZ04/edit",1261
"/spreadsheets/d/15HQquMvEh2jfDI9To-4I0d_PcU27VzcuJGEiDfv2Bf4/edit",1262
"/spreadsheets/d/1A_yszQw4k3S5XRpyOkGOUYaI1sVkdvZdIIL-jT6C-Dg/edit",1263
"/spreadsheets/d/1BXEuASio2I-oNTxZ8s_1LNYNBthT3xtI072tUsH6muc/edit",1264
"/spreadsheets/d/1CnMQgZdo82iS21ArldnC9DO_aJaTJ3l6iFZhHfbt3l4/edit",1265
"/spreadsheets/d/1esbw1p3htF3S-iA57UNl5HuFJbjpXaRuiAwzxzKDasw/edit",1266
"/spreadsheets/d/1mTtzc-FrZetd_8QapYRpmTwTUP-ir6HtXxgeQSEQHYQ/edit",1267
"/spreadsheets/d/1Q6-xhf7qhp-GilI4AuaPwYLtqVZUMwIA9TFXcvka1RE/edit",1268
"/spreadsheets/d/1SeXdlyJYrRzr_NwV7FSpyKOyvYefdFuswhsYEAXTNbo/edit",1269
"/spreadsheets/d/1ujiz3zGFDM9FvX9SYDnvRgdi5z2z0hXWj_I-6q4S4vg/edit",1270
"/spreadsheets/d/1URkXLYjMr1KQGtKhJ8OiDAHjxvpYXlp2zUVHXoBWBtg/edit",1271
"/spreadsheets/d/1zzqHMhb8Hsp25t0bEXGpZ_mCD2BfODauYFiVxSMdIlE/edit",1272
"/sticker",1273
"/sticker/",1274
"/SyGQD0CxXj",1275
"/t/about_youtube",1276
"/tagger",1277
"/tagmanager/answer/6164470",1278
"/TeamYouTube/status/849424558679576577",1279
"/test/Responsive_FBC_Logo_GpaSingleIframe_test.html",1280
"/test/Responsive_murray2_GpaSingleIframe_test.html",1281
"/TkV32fdB1C",1282
"/Tmnhi4ulaP",1283
"/Tn7VbpiPQQ",1284
"/tomotomospot/items/a6db2f7e07fddd67bcd1",1285
"/TVXB8QTq7v",1286
"/u/0/",1287
"/u/0/_/streamwidgets/canvas",1288
"/u/0/messages",1289
"/u/0/search/Virginia%20Poltrack",1290
"/u/1/org//reporting/0B_U5RNpwhcE6QXg4SXFBVGUwMjg/page/6zXD/preview",1291
"/U1IP6plptr",1292
"/U8hCU85a5i",1293
"/UbMMqIvec9",1294
"/uCiMKX256Z",1295
"/unanswered/Where-can-I-buy-a-plastic-golang-gopher",1296
"/UQ9b09Uens",1297
"/url",1298
"/user/YourKingEly/about",1299
"/v1PEKmTknD",1300
"/view",1301
"/VJlGECJpuq",1302
"/wa6v1nSZFK",1303
"/watch",1304
"/waze",1305
"/web",1306
"/web/search/google+/@37.418619,-122.087756,10.27337463a,818.4229692d,35y,0h,45t,0r/data=CoMBGlkSUwolMHg4MDhmYjlmZDA3MjIxNzJmOjB4ZjUxMzk2MThjYjAxZWIzNBn7PbFOlbVCQCHHgVfLnYVewCoYR29vZ2xlIE1lcmNoYW5kaXNlIFN0b3JlGAMgASImCiQJArtQKvu-QkARm81aS0u9QkAZRO_7L1WJXsAhdlrgv3OKXsAoAg",1307
"/web/searchList.jsp",1308
"/web/sl",1309
"/webapps/blackboard/content/contentWrapperNoFrame.jsp",1310
"/webapps/blackboard/execute/content/file",1311
"/webchat/u/0/frame",1312
"/webhp",1313
"/webmail-std/en-us/suite",1314
"/webmail/driver",1315
"/webmail/en-us/tablet",1316
"/webmasters/tools/crawl-errors",1317
"/webmasters/tools/external-links-domain-and-page",1318
"/webmasters/tools/html-suggestions",1319
"/websearch/forum/AAAAgtjJeM4c5n9jG5AAMM",1320
"/websearch/forum/AAAAgtjJeM4c5n9jG5AAMM/",1321
"/websites.asp",1322
"/Where-can-I-buy-a-Google-I-O-t-shirt-online",1323
"/Where-can-I-buy-a-stuffed-Go-language-gopher-mascot-online",1324
"/wiki/Wikipedia:Redirects_for_discussion",1325
"/wJODPHyyrE",1326
"/www/2082_pure_mix/index.html",1327
"/www/previewservice/harness/preview_release/index.html",1328
"/wyfDWZCEK6",1329
"/x10vQq7iqL",1330
"/XgNQ4oQwcd",1331
"/xud9jul6em",1332
"/YKEI_mrn/items/c10b14f9a69ff71b1b7a",1333
"/YKEI_mrn/items/c10b14f9a69ff71b1b7a/revisions/18",1334
"/YKEI_mrn/items/c10b14f9a69ff71b1b7a/revisions/19",1335
"/youtube",1336
"/youtube/forum/AAAAiuErobUfIJ7xnuw5m8",1337
"/youtube/forum/AAAAiuErobUqog6jnyNKiI/",1338
"/youtube/forum/AAAAiuErobUxfWOLgg4qZE",1339
"/youtube/forum/AAAAtMBnpzw3xfCBccRfq4",1340
"/youtube/forum/AAAAtMBnpzw3xfCBccRfq4/",1341
"/youtubers23",1342
"/yt/about/",1343
"/yt/about/<U+0641><U+064A><U+0644><U+0645><U+0633><U+0643><U+0633><U+0649>",1344
"/yt/about/ar/",1345
"/yt/about/ar/index.html",1346
"/yt/about/bg/",1347
"/yt/about/bg/index.html",1348
"/yt/about/bn/",1349
"/yt/about/bn/index.html",1350
"/yt/about/brand-resources/",1351
"/yt/about/ca/",1352
"/yt/about/ca/index.html",1353
"/yt/about/copyright/",1354
"/yt/about/cs/",1355
"/yt/about/cs/index.html",1356
"/yt/about/da/",1357
"/yt/about/da/index.html",1358
"/yt/about/de/",1359
"/yt/about/de/index.html",1360
"/yt/about/el/",1361
"/yt/about/el/index.html",1362
"/yt/about/en-GB/",1363
"/yt/about/en-GB/index.html",1364
"/yt/about/en/",1365
"/yt/about/es-419/",1366
"/yt/about/es-419/index.html",1367
"/yt/about/es/",1368
"/yt/about/es/index.html",1369
"/yt/about/et/",1370
"/yt/about/et/index.html",1371
"/yt/about/eu/",1372
"/yt/about/eu/index.html",1373
"/yt/about/experiences/",1374
"/yt/about/fa/",1375
"/yt/about/fa/index.html",1376
"/yt/about/fi/",1377
"/yt/about/fi/index.html",1378
"/yt/about/fil/",1379
"/yt/about/fil/index.html",1380
"/yt/about/fr-CA/",1381
"/yt/about/fr-CA/index.html",1382
"/yt/about/fr/",1383
"/yt/about/fr/index.html",1384
"/yt/about/gl/",1385
"/yt/about/gl/index.html",1386
"/yt/about/gu/",1387
"/yt/about/gu/index.html",1388
"/yt/about/hi/",1389
"/yt/about/hi/index.html",1390
"/yt/about/hr/",1391
"/yt/about/hr/index.html",1392
"/yt/about/hu/",1393
"/yt/about/hu/index.html",1394
"/yt/about/id/",1395
"/yt/about/id/index.html",1396
"/yt/about/index.html",1397
"/yt/about/is/",1398
"/yt/about/is/index.html",1399
"/yt/about/it/",1400
"/yt/about/it/index.html",1401
"/yt/about/iw/",1402
"/yt/about/iw/index.html",1403
"/yt/about/ja/",1404
"/yt/about/ja/index.html",1405
"/yt/about/kn/",1406
"/yt/about/kn/index.html",1407
"/yt/about/ko/",1408
"/yt/about/ko/index.html",1409
"/yt/about/lt/",1410
"/yt/about/lt/index.html",1411
"/yt/about/lv/",1412
"/yt/about/lv/index.html",1413
"/yt/about/ml/",1414
"/yt/about/ml/index.html",1415
"/yt/about/mr/",1416
"/yt/about/mr/index.html",1417
"/yt/about/ms/",1418
"/yt/about/ms/index.html",1419
"/yt/about/nl/",1420
"/yt/about/nl/index.html",1421
"/yt/about/no/",1422
"/yt/about/no/index.html",1423
"/yt/about/pl/",1424
"/yt/about/pl/index.html",1425
"/yt/about/policies/",1426
"/yt/about/press/",1427
"/yt/about/pt-BR/",1428
"/yt/about/pt-BR/index.html",1429
"/yt/about/pt-PT/",1430
"/yt/about/pt-PT/index.html",1431
"/yt/about/ro/",1432
"/yt/about/ro/index.html",1433
"/yt/about/ru/",1434
"/yt/about/ru/index.html",1435
"/yt/about/sk/",1436
"/yt/about/sk/index.html",1437
"/yt/about/sl/",1438
"/yt/about/sl/index.html",1439
"/yt/about/sr/",1440
"/yt/about/sr/index.html",1441
"/yt/about/sv/",1442
"/yt/about/sv/index.html",1443
"/yt/about/ta/",1444
"/yt/about/ta/index.html",1445
"/yt/about/te/",1446
"/yt/about/te/index.html",1447
"/yt/about/th/",1448
"/yt/about/th/index.html",1449
"/yt/about/tr/",1450
"/yt/about/tr/index.html",1451
"/yt/about/uk/",1452
"/yt/about/uk/index.html",1453
"/yt/about/ur/",1454
"/yt/about/ur/index.html",1455
"/yt/about/vi/",1456
"/yt/about/vi/index.html",1457
"/yt/about/zh-CN/",1458
"/yt/about/zh-CN/index.html",1459
"/yt/about/zh-HK/",1460
"/yt/about/zh-HK/index.html",1461
"/yt/about/zh-TW/",1462
"/yt/about/zh-TW/index.html",1463
"/yt/advertise/index-new.html",1464
"/yt/advertise/making-a-video-ad/",1465
"/yt/advertise/pricing/",1466
"/yt/advertise/resources/optimizing-your-video-marketing-campaigns/",1467
"/yt/advertise/running-a-video-ad/",1468
"/yt/advertise/talk-to-us/",1469
"/zimbra/h/printmessage",1470
"/zimbra/m/zmain",1471
"/zimbra/mail",1472
"/ZMbTrfS5CQ",1473
"/zuY3dWqwCI",1474
"/zwzp9zSOvd",1475
